customer_id,company_name,industry,company_size,region,acquisition_channel,plan_name,status,mrr,active_users,logins,feature_events,tickets,avg_resolution_days,avg_satisfaction,total_revenue,cluster,segment
C00001,Company 1,Retail,51-200,North America,Organic,Business,Active,199.0,4,35,178,3,2.6666666666666665,3.0,2616.0,1,Growth Potential
C00002,Company 2,Finance,51-200,Europe,Referral,Enterprise,Active,599.0,31,179,1148,8,3.75,3.7142857142857144,17970.0,0,Enterprise Value
C00003,Company 3,SaaS,1-10,Europe,Organic,Starter,Active,29.0,16,124,581,4,1.5,3.3333333333333335,232.0,1,Growth Potential
C00004,Company 4,SaaS,1-10,Asia-Pacific,Referral,Pro,Active,79.0,51,411,998,8,2.625,2.2857142857142856,3096.0,2,Healthy Accounts
C00005,Company 5,Healthcare,51-200,North America,Organic,Business,Active,199.0,33,260,740,3,4.0,1.0,2347.0,2,Healthy Accounts
C00006,Company 6,Manufacturing,1-10,Asia-Pacific,Paid Search,Pro,Active,79.0,24,230,2212,1,1.0,0.0,316.0,2,Healthy Accounts
C00007,Company 7,Finance,51-200,Latin America,Referral,Business,Active,199.0,5,34,184,2,1.0,4.0,2189.0,1,Growth Potential
C00008,Company 8,Manufacturing,1-10,Europe,Organic,Starter,Active,29.0,48,416,2754,7,3.142857142857143,2.25,841.0,2,Healthy Accounts
C00009,Company 9,Retail,1-10,Latin America,Organic,Free,Active,0.0,1,6,19,0,0.0,0.0,0.0,1,Growth Potential
C00010,Company 10,Consulting,201-1000,Europe,Paid Search,Business,Active,199.0,27,239,1305,0,0.0,0.0,2189.0,2,Healthy Accounts
C00011,Company 11,Retail,1-10,Europe,Paid Search,Starter,Active,29.0,27,286,1594,1,1.0,1.0,145.0,2,Healthy Accounts
C00012,Company 12,Education,11-50,North America,Organic,Pro,Active,79.0,6,61,165,3,2.6666666666666665,3.3333333333333335,869.0,1,Growth Potential
C00013,Company 13,Education,1-10,Europe,Partner,Starter,Active,29.0,14,126,807,0,0.0,0.0,87.0,1,Growth Potential
C00014,Company 14,Manufacturing,1-10,North America,Organic,Free,Active,0.0,43,413,2642,2,2.5,2.0,0.0,2,Healthy Accounts
C00015,Company 15,Manufacturing,1-10,North America,Partner,Free,Active,0.0,34,333,1552,0,0.0,0.0,0.0,2,Healthy Accounts
C00016,Company 16,Consulting,11-50,North America,Partner,Pro,Active,79.0,11,83,409,2,2.0,3.0,553.0,1,Growth Potential
C00017,Company 17,Retail,1-10,Asia-Pacific,Paid Search,Starter,Active,29.0,28,190,1056,3,1.6666666666666667,3.0,232.0,1,Growth Potential
C00018,Company 18,Education,201-1000,Latin America,Paid Search,Business,Active,199.0,36,351,1582,5,3.8,3.2,5576.0,2,Healthy Accounts
C00019,Company 19,SaaS,11-50,Asia-Pacific,Organic,Pro,Active,79.0,46,539,2796,5,3.0,3.8,3936.0,2,Healthy Accounts
C00020,Company 20,Media,51-200,Europe,Outbound,Pro,Active,79.0,34,308,1252,2,1.0,2.0,790.0,2,Healthy Accounts
C00021,Company 21,Retail,11-50,Latin America,Partner,Starter,Active,29.0,40,323,1226,6,1.5,3.0,1044.0,2,Healthy Accounts
C00022,Company 22,Retail,51-200,Asia-Pacific,Organic,Business,Active,199.0,33,409,2192,1,1.0,2.0,2786.0,2,Healthy Accounts
C00023,Company 23,Consulting,1-10,North America,Paid Search,Free,Active,0.0,8,78,286,1,4.0,3.0,0.0,1,Growth Potential
C00024,Company 24,Finance,1000+,Asia-Pacific,Referral,Enterprise,Active,599.0,23,189,130,2,1.0,2.5,9584.0,0,Enterprise Value
C00025,Company 25,Education,201-1000,North America,Paid Search,Enterprise,Active,599.0,44,435,1481,5,3.0,4.25,15574.0,0,Enterprise Value
C00026,Company 26,SaaS,11-50,Europe,Outbound,Pro,Active,79.0,26,227,412,0,0.0,0.0,316.0,1,Growth Potential
C00027,Company 27,Retail,1-10,North America,Partner,Free,Active,0.0,4,42,222,2,2.5,4.0,0.0,1,Growth Potential
C00028,Company 28,Finance,201-1000,Asia-Pacific,Partner,Enterprise,Active,599.0,36,288,1661,6,3.0,3.8,13178.0,0,Enterprise Value
C00029,Company 29,Healthcare,1000+,North America,Paid Search,Enterprise,Active,599.0,20,251,805,1,5.0,0.0,2995.0,0,Enterprise Value
C00030,Company 30,Media,201-1000,Latin America,Organic,Business,Active,199.0,51,453,1060,3,3.6666666666666665,4.0,4577.0,2,Healthy Accounts
C00031,Company 31,Manufacturing,51-200,Europe,Paid Search,Business,Active,199.0,30,283,1391,1,1.0,2.0,398.0,2,Healthy Accounts
C00032,Company 32,Finance,11-50,North America,Organic,Pro,Active,79.0,13,81,328,2,1.0,5.0,237.0,1,Growth Potential
C00033,Company 33,SaaS,11-50,North America,Organic,Pro,Active,79.0,22,199,501,2,1.0,4.5,1352.0,1,Growth Potential
C00034,Company 34,Education,201-1000,North America,Organic,Business,Active,199.0,19,173,673,0,0.0,0.0,796.0,1,Growth Potential
C00035,Company 35,Consulting,1-10,North America,Organic,Free,Active,0.0,30,315,1544,0,0.0,0.0,0.0,2,Healthy Accounts
C00036,Company 36,Finance,51-200,Europe,Organic,Business,Active,199.0,28,117,571,1,5.0,3.0,2587.0,1,Growth Potential
C00037,Company 37,SaaS,11-50,Europe,Paid Search,Starter,Active,29.0,32,325,1452,0,0.0,0.0,87.0,2,Healthy Accounts
C00038,Company 38,Finance,1-10,North America,Referral,Pro,Active,79.0,26,215,1016,3,1.6666666666666667,3.0,948.0,1,Growth Potential
C00039,Company 39,Healthcare,11-50,North America,Organic,Starter,Active,29.0,34,289,1289,2,1.0,3.5,261.0,2,Healthy Accounts
C00040,Company 40,Finance,201-1000,North America,Organic,Business,Active,199.0,19,150,786,5,2.2,2.0,6766.0,1,Growth Potential
C00041,Company 41,Education,1000+,North America,Partner,Business,Active,199.0,1,7,19,2,2.0,4.0,796.0,1,Growth Potential
C00042,Company 42,SaaS,11-50,North America,Outbound,Pro,Active,79.0,15,118,770,5,2.0,3.25,6564.0,1,Growth Potential
C00043,Company 43,Consulting,1000+,North America,Organic,Enterprise,Active,599.0,3,24,84,1,1.0,4.0,1797.0,0,Enterprise Value
C00044,Company 44,SaaS,1-10,Europe,Organic,Starter,Active,29.0,26,284,1330,2,2.0,3.0,319.0,2,Healthy Accounts
C00045,Company 45,Consulting,51-200,Europe,Organic,Business,Active,199.0,15,155,604,0,0.0,0.0,199.0,1,Growth Potential
C00046,Company 46,Finance,1-10,Asia-Pacific,Partner,Free,Active,0.0,21,168,914,1,6.0,1.0,0.0,1,Growth Potential
C00047,Company 47,Education,11-50,North America,Referral,Business,Active,199.0,51,475,2227,5,3.4,2.5,3980.0,2,Healthy Accounts
C00048,Company 48,Finance,11-50,North America,Organic,Pro,Active,79.0,29,292,1763,0,0.0,0.0,79.0,2,Healthy Accounts
C00049,Company 49,Manufacturing,1-10,North America,Organic,Free,Active,0.0,34,254,839,2,4.5,3.5,0.0,2,Healthy Accounts
C00050,Company 50,Consulting,1-10,North America,Referral,Free,Active,0.0,1,9,32,2,2.0,3.0,0.0,1,Growth Potential
C00051,Company 51,Finance,1-10,North America,Referral,Starter,Active,29.0,35,387,1303,3,3.0,4.5,1182.0,2,Healthy Accounts
C00052,Company 52,Manufacturing,11-50,Asia-Pacific,Organic,Pro,Active,79.0,24,204,586,3,4.333333333333333,2.0,2423.0,1,Growth Potential
C00053,Company 53,Retail,11-50,Europe,Organic,Starter,Active,29.0,13,128,224,0,0.0,0.0,29.0,1,Growth Potential
C00054,Company 54,Retail,1-10,Latin America,Outbound,Free,Active,0.0,3,29,122,1,1.0,2.0,0.0,1,Growth Potential
C00055,Company 55,Finance,201-1000,Asia-Pacific,Organic,Business,Active,199.0,20,211,855,5,2.8,2.5,4975.0,1,Growth Potential
C00056,Company 56,Manufacturing,1-10,North America,Referral,Free,Active,0.0,36,249,1476,3,1.6666666666666667,1.6666666666666667,0.0,2,Healthy Accounts
C00057,Company 57,SaaS,11-50,North America,Organic,Pro,Active,79.0,18,167,614,4,4.75,3.3333333333333335,553.0,1,Growth Potential
C00058,Company 58,Manufacturing,51-200,Asia-Pacific,Organic,Pro,Active,79.0,16,201,1217,5,2.0,3.0,1422.0,1,Growth Potential
C00059,Company 59,Media,1-10,Europe,Paid Search,Free,Active,0.0,7,61,331,4,1.25,3.0,0.0,1,Growth Potential
C00060,Company 60,Healthcare,1-10,Europe,Outbound,Starter,Active,29.0,17,189,787,1,7.0,3.0,319.0,1,Growth Potential
C00061,Company 61,Healthcare,11-50,North America,Organic,Business,Active,199.0,4,45,289,3,2.3333333333333335,1.0,2189.0,1,Growth Potential
C00062,Company 62,SaaS,201-1000,Asia-Pacific,Outbound,Enterprise,Active,599.0,20,148,600,0,0.0,0.0,1797.0,0,Enterprise Value
C00063,Company 63,Manufacturing,51-200,Asia-Pacific,Referral,Business,Active,199.0,14,137,827,0,0.0,0.0,1791.0,1,Growth Potential
C00064,Company 64,Education,1000+,Asia-Pacific,Referral,Enterprise,Active,599.0,33,289,1876,7,4.0,3.1666666666666665,14376.0,0,Enterprise Value
C00065,Company 65,Manufacturing,201-1000,Asia-Pacific,Organic,Business,Active,199.0,13,116,636,3,2.6666666666666665,3.0,1592.0,1,Growth Potential
C00066,Company 66,Education,51-200,North America,Outbound,Pro,Active,79.0,22,133,517,6,1.5,3.4,3254.0,1,Growth Potential
C00067,Company 67,Consulting,11-50,North America,Organic,Pro,Active,79.0,28,283,1748,0,0.0,0.0,395.0,2,Healthy Accounts
C00068,Company 68,Education,11-50,North America,Outbound,Pro,Active,79.0,43,367,1851,8,2.25,3.0,1817.0,2,Healthy Accounts
C00069,Company 69,Finance,11-50,Latin America,Organic,Business,Active,199.0,21,184,839,4,2.0,2.6666666666666665,1984.0,1,Growth Potential
C00070,Company 70,Manufacturing,11-50,Latin America,Paid Search,Pro,Active,79.0,2,13,88,2,6.5,2.0,474.0,1,Growth Potential
C00071,Company 71,Retail,201-1000,North America,Organic,Enterprise,Active,599.0,27,311,1503,0,0.0,0.0,4193.0,0,Enterprise Value
C00072,Company 72,Media,11-50,Europe,Outbound,Pro,Active,79.0,32,307,835,0,0.0,0.0,158.0,2,Healthy Accounts
C00073,Company 73,Education,1-10,North America,Outbound,Pro,Active,79.0,46,382,2069,1,1.0,5.0,474.0,2,Healthy Accounts
C00074,Company 74,Education,1-10,North America,Partner,Free,Active,0.0,23,178,1021,1,1.0,0.0,0.0,1,Growth Potential
C00075,Company 75,Manufacturing,201-1000,Europe,Partner,Business,Active,199.0,17,149,1017,3,2.0,4.333333333333333,4255.0,1,Growth Potential
C00076,Company 76,Retail,51-200,Europe,Organic,Business,Active,199.0,20,208,1110,3,4.0,3.0,1592.0,1,Growth Potential
C00077,Company 77,Healthcare,11-50,North America,Organic,Starter,Active,29.0,36,392,1138,2,1.0,2.0,232.0,2,Healthy Accounts
C00078,Company 78,Retail,51-200,North America,Partner,Pro,Active,79.0,17,87,574,10,3.6,2.375,3926.0,1,Growth Potential
C00079,Company 79,Manufacturing,1-10,Europe,Organic,Free,Active,0.0,31,279,1145,0,0.0,0.0,0.0,2,Healthy Accounts
C00080,Company 80,Healthcare,51-200,Europe,Paid Search,Enterprise,Active,599.0,1,10,70,0,0.0,0.0,2396.0,0,Enterprise Value
C00081,Company 81,Manufacturing,11-50,North America,Referral,Pro,Active,79.0,26,299,1195,0,0.0,0.0,1071.0,2,Healthy Accounts
C00082,Company 82,Education,51-200,North America,Organic,Enterprise,Active,599.0,32,271,1773,11,4.7272727272727275,3.6,16772.0,0,Enterprise Value
C00083,Company 83,Finance,1-10,Europe,Paid Search,Pro,Active,79.0,40,506,1960,0,0.0,0.0,632.0,2,Healthy Accounts
C00084,Company 84,Media,51-200,North America,Paid Search,Pro,Active,79.0,46,259,1172,0,0.0,0.0,1501.0,2,Healthy Accounts
C00085,Company 85,Finance,201-1000,Asia-Pacific,Outbound,Enterprise,Active,599.0,27,239,788,4,1.75,2.3333333333333335,12579.0,0,Enterprise Value
C00086,Company 86,Consulting,1-10,North America,Partner,Free,Active,0.0,50,557,1051,7,1.4285714285714286,3.0,0.0,2,Healthy Accounts
C00087,Company 87,Healthcare,201-1000,Asia-Pacific,Organic,Business,Active,199.0,24,251,1303,0,0.0,0.0,199.0,2,Healthy Accounts
C00088,Company 88,Consulting,1000+,Europe,Referral,Business,Active,199.0,19,171,677,0,0.0,0.0,597.0,1,Growth Potential
C00089,Company 89,Consulting,11-50,Asia-Pacific,Partner,Pro,Active,79.0,7,62,422,1,9.0,2.0,395.0,1,Growth Potential
C00090,Company 90,Retail,11-50,Asia-Pacific,Referral,Business,Active,199.0,19,160,908,0,0.0,0.0,199.0,1,Growth Potential
C00091,Company 91,Consulting,11-50,North America,Organic,Starter,Active,29.0,9,81,274,0,0.0,0.0,116.0,1,Growth Potential
C00092,Company 92,Finance,1-10,North America,Organic,Free,Active,0.0,10,73,429,1,1.0,5.0,0.0,1,Growth Potential
C00093,Company 93,Education,11-50,North America,Organic,Business,Active,199.0,24,208,800,1,1.0,1.0,1791.0,1,Growth Potential
C00094,Company 94,SaaS,11-50,North America,Paid Search,Pro,Active,79.0,10,105,900,1,2.0,2.0,553.0,1,Growth Potential
C00095,Company 95,SaaS,11-50,Asia-Pacific,Referral,Starter,Active,29.0,8,47,292,1,3.0,2.0,290.0,1,Growth Potential
C00096,Company 96,Retail,11-50,Asia-Pacific,Partner,Pro,Active,79.0,28,230,1534,0,0.0,0.0,553.0,2,Healthy Accounts
C00097,Company 97,Education,11-50,Europe,Referral,Pro,Active,79.0,17,78,156,2,2.5,1.0,1422.0,1,Growth Potential
C00098,Company 98,Manufacturing,11-50,Europe,Organic,Pro,Active,79.0,16,115,506,1,1.0,5.0,632.0,1,Growth Potential
C00099,Company 99,Healthcare,51-200,Latin America,Outbound,Business,Active,199.0,25,160,1322,0,0.0,0.0,199.0,1,Growth Potential
C00100,Company 100,SaaS,1-10,North America,Paid Search,Starter,Active,29.0,3,31,147,1,1.0,1.0,232.0,1,Growth Potential
C00101,Company 101,SaaS,1-10,North America,Paid Search,Starter,Active,29.0,5,50,289,3,1.6666666666666667,2.0,406.0,1,Growth Potential
C00102,Company 102,Media,1-10,North America,Organic,Pro,Active,79.0,11,49,195,4,2.5,2.0,474.0,1,Growth Potential
C00103,Company 103,SaaS,1-10,Asia-Pacific,Organic,Free,Active,0.0,36,332,1879,0,0.0,0.0,0.0,2,Healthy Accounts
C00104,Company 104,Finance,1000+,Asia-Pacific,Organic,Enterprise,Active,599.0,41,413,2111,5,3.2,4.8,8977.0,0,Enterprise Value
C00105,Company 105,Education,51-200,Asia-Pacific,Partner,Pro,Active,79.0,13,117,828,1,5.0,0.0,395.0,1,Growth Potential
C00106,Company 106,Finance,1-10,Europe,Paid Search,Starter,Active,29.0,15,139,770,5,2.8,3.6,290.0,1,Growth Potential
C00107,Company 107,Manufacturing,11-50,North America,Organic,Pro,Active,79.0,12,127,670,3,5.0,3.0,1196.0,1,Growth Potential
C00108,Company 108,Retail,51-200,North America,Organic,Enterprise,Active,599.0,1,11,66,4,1.25,3.5,3990.0,0,Enterprise Value
C00109,Company 109,Media,201-1000,North America,Referral,Business,Active,199.0,13,144,526,2,3.5,4.0,796.0,1,Growth Potential
C00110,Company 110,Education,1-10,North America,Referral,Starter,Active,29.0,28,174,1227,1,1.0,3.0,406.0,1,Growth Potential
C00111,Company 111,Finance,201-1000,Asia-Pacific,Referral,Business,Active,199.0,26,212,1060,2,1.5,3.0,2622.0,1,Growth Potential
C00112,Company 112,Manufacturing,11-50,North America,Paid Search,Business,Active,199.0,21,198,653,4,4.25,4.0,2786.0,1,Growth Potential
C00113,Company 113,Consulting,1-10,North America,Paid Search,Free,Active,0.0,26,216,1042,0,0.0,0.0,0.0,1,Growth Potential
C00114,Company 114,Healthcare,51-200,Europe,Outbound,Pro,Active,79.0,23,171,1155,0,0.0,0.0,79.0,1,Growth Potential
C00115,Company 115,Consulting,1000+,Europe,Organic,Business,Active,199.0,19,137,833,4,1.75,2.0,1194.0,1,Growth Potential
C00116,Company 116,Finance,11-50,North America,Organic,Starter,Active,29.0,1,6,44,0,0.0,0.0,174.0,1,Growth Potential
C00117,Company 117,Media,1-10,North America,Paid Search,Pro,Active,79.0,6,53,343,0,0.0,0.0,158.0,1,Growth Potential
C00118,Company 118,Education,201-1000,North America,Organic,Business,Active,199.0,36,349,1599,3,2.3333333333333335,4.0,3781.0,2,Healthy Accounts
C00119,Company 119,Retail,11-50,Europe,Outbound,Starter,Active,29.0,10,80,275,1,2.0,0.0,58.0,1,Growth Potential
C00120,Company 120,Media,201-1000,Europe,Organic,Business,Active,199.0,31,243,1545,2,3.5,3.0,3980.0,2,Healthy Accounts
C00121,Company 121,Consulting,51-200,Europe,Referral,Pro,Active,79.0,1,8,23,2,3.0,4.0,1422.0,1,Growth Potential
C00122,Company 122,Education,1-10,North America,Organic,Free,Active,0.0,23,226,1312,2,1.0,3.5,0.0,2,Healthy Accounts
C00123,Company 123,Media,11-50,Latin America,Paid Search,Starter,Active,29.0,23,279,1704,2,2.0,2.0,319.0,2,Healthy Accounts
C00124,Company 124,Retail,11-50,North America,Paid Search,Business,Active,199.0,27,188,1011,0,0.0,0.0,1393.0,1,Growth Potential
C00125,Company 125,Healthcare,51-200,North America,Organic,Pro,Active,79.0,14,169,555,1,1.0,2.0,316.0,1,Growth Potential
C00126,Company 126,Retail,1-10,Latin America,Referral,Free,Active,0.0,44,253,918,1,2.0,3.0,0.0,2,Healthy Accounts
C00127,Company 127,Retail,1-10,North America,Paid Search,Starter,Active,29.0,13,113,821,1,1.0,0.0,29.0,1,Growth Potential
C00128,Company 128,SaaS,1-10,Europe,Organic,Starter,Active,29.0,14,131,705,0,0.0,0.0,145.0,1,Growth Potential
C00129,Company 129,Finance,51-200,Asia-Pacific,Referral,Enterprise,Active,599.0,15,140,369,1,14.0,1.0,4193.0,0,Enterprise Value
C00130,Company 130,Healthcare,11-50,Latin America,Paid Search,Starter,Active,29.0,25,284,926,1,1.0,1.0,174.0,2,Healthy Accounts
C00131,Company 131,Finance,201-1000,North America,Paid Search,Business,Active,199.0,36,293,1894,6,2.6666666666666665,3.5,2299.0,2,Healthy Accounts
C00132,Company 132,Healthcare,11-50,North America,Referral,Pro,Active,79.0,13,101,289,1,4.0,5.0,316.0,1,Growth Potential
C00133,Company 133,Media,1-10,Europe,Organic,Starter,Active,29.0,11,109,278,0,0.0,0.0,174.0,1,Growth Potential
C00134,Company 134,Consulting,51-200,North America,Paid Search,Pro,Active,79.0,29,320,2125,3,2.0,1.3333333333333333,632.0,2,Healthy Accounts
C00135,Company 135,Finance,1-10,Latin America,Referral,Free,Active,0.0,27,155,818,1,1.0,3.0,0.0,1,Growth Potential
C00136,Company 136,Finance,51-200,North America,Organic,Pro,Active,79.0,16,181,1195,3,2.6666666666666665,4.0,632.0,1,Growth Potential
C00137,Company 137,Media,11-50,Europe,Organic,Business,Active,199.0,12,119,853,0,0.0,0.0,995.0,1,Growth Potential
C00138,Company 138,Retail,1-10,Europe,Organic,Free,Active,0.0,29,262,1311,0,0.0,0.0,0.0,2,Healthy Accounts
C00139,Company 139,Retail,1-10,Asia-Pacific,Organic,Pro,Active,79.0,35,342,2248,4,3.5,3.5,2739.0,2,Healthy Accounts
C00140,Company 140,Healthcare,11-50,Asia-Pacific,Paid Search,Pro,Active,79.0,39,265,516,2,2.5,2.0,1817.0,2,Healthy Accounts
C00141,Company 141,Retail,1-10,Europe,Organic,Pro,Active,79.0,10,111,438,0,0.0,0.0,316.0,1,Growth Potential
C00142,Company 142,Retail,11-50,Europe,Paid Search,Pro,Active,79.0,12,148,794,2,4.5,3.5,869.0,1,Growth Potential
C00143,Company 143,Finance,11-50,Europe,Paid Search,Starter,Active,29.0,31,228,1488,1,7.0,2.0,203.0,2,Healthy Accounts
C00144,Company 144,SaaS,51-200,North America,Referral,Pro,Active,79.0,20,238,1060,4,3.25,4.0,1504.0,1,Growth Potential
C00145,Company 145,Retail,1000+,Europe,Referral,Enterprise,Active,599.0,34,407,2378,1,2.0,1.0,5391.0,0,Enterprise Value
C00146,Company 146,Retail,11-50,North America,Referral,Starter,Active,29.0,40,275,1780,0,0.0,0.0,174.0,2,Healthy Accounts
C00147,Company 147,Finance,51-200,Europe,Paid Search,Business,Active,199.0,24,253,589,2,2.5,5.0,1791.0,1,Growth Potential
C00148,Company 148,Healthcare,11-50,North America,Referral,Pro,Active,79.0,39,277,1043,0,0.0,0.0,237.0,2,Healthy Accounts
C00149,Company 149,SaaS,1-10,Europe,Partner,Free,Active,0.0,5,23,139,1,1.0,1.0,0.0,1,Growth Potential
C00150,Company 150,Media,1-10,Asia-Pacific,Organic,Free,Active,0.0,28,225,361,4,1.5,3.25,0.0,1,Growth Potential
C00151,Company 151,Media,51-200,North America,Paid Search,Business,Active,199.0,37,263,1029,0,0.0,0.0,199.0,2,Healthy Accounts
C00152,Company 152,Consulting,11-50,Asia-Pacific,Referral,Pro,Active,79.0,14,172,1007,6,2.5,2.6666666666666665,1138.0,1,Growth Potential
C00153,Company 153,Retail,1-10,Europe,Organic,Starter,Active,29.0,7,12,47,0,0.0,0.0,116.0,1,Growth Potential
C00154,Company 154,Education,1-10,Europe,Partner,Free,Active,0.0,29,261,1945,2,1.0,0.0,0.0,2,Healthy Accounts
C00155,Company 155,Finance,11-50,North America,Paid Search,Starter,Active,29.0,17,158,652,6,1.8333333333333333,2.1666666666666665,551.0,1,Growth Potential
C00156,Company 156,Healthcare,11-50,Europe,Organic,Business,Active,199.0,38,321,1709,0,0.0,0.0,796.0,2,Healthy Accounts
C00157,Company 157,Consulting,11-50,Latin America,Organic,Business,Active,199.0,31,326,1776,2,1.0,1.5,3980.0,2,Healthy Accounts
C00158,Company 158,Education,11-50,Latin America,Organic,Pro,Active,79.0,15,90,532,0,0.0,0.0,158.0,1,Growth Potential
C00159,Company 159,Finance,51-200,North America,Organic,Pro,Active,79.0,35,282,1845,1,3.0,0.0,632.0,2,Healthy Accounts
C00160,Company 160,Retail,11-50,Asia-Pacific,Outbound,Starter,Active,29.0,9,50,180,0,0.0,0.0,87.0,1,Growth Potential
C00161,Company 161,Consulting,51-200,Asia-Pacific,Outbound,Business,Active,199.0,32,346,1362,1,3.0,2.0,597.0,2,Healthy Accounts
C00162,Company 162,Media,11-50,Europe,Organic,Pro,Active,79.0,24,161,635,2,2.5,3.5,632.0,1,Growth Potential
C00163,Company 163,Education,201-1000,Europe,Partner,Business,Active,199.0,14,149,721,2,1.0,2.0,2985.0,1,Growth Potential
C00164,Company 164,Manufacturing,201-1000,Asia-Pacific,Paid Search,Business,Active,199.0,1,9,36,2,1.5,4.0,1990.0,1,Growth Potential
C00165,Company 165,Healthcare,11-50,Europe,Referral,Business,Active,199.0,11,96,401,1,2.0,4.0,1393.0,1,Growth Potential
C00166,Company 166,Manufacturing,1-10,Asia-Pacific,Partner,Free,Active,0.0,32,293,1512,2,3.0,3.0,0.0,2,Healthy Accounts
C00167,Company 167,SaaS,1-10,Asia-Pacific,Partner,Starter,Active,29.0,28,287,1096,1,1.0,1.0,116.0,2,Healthy Accounts
C00168,Company 168,Finance,201-1000,Europe,Partner,Business,Active,199.0,44,423,2309,6,3.3333333333333335,3.8,3383.0,2,Healthy Accounts
C00169,Company 169,Finance,11-50,Asia-Pacific,Referral,Business,Active,199.0,26,209,818,0,0.0,0.0,0.0,1,Growth Potential
C00170,Company 170,Consulting,11-50,Asia-Pacific,Organic,Starter,Active,29.0,25,241,570,8,3.625,2.0,957.0,1,Growth Potential
C00171,Company 171,Retail,11-50,Latin America,Organic,Pro,Active,79.0,14,105,607,6,2.5,3.0,1417.0,1,Growth Potential
C00172,Company 172,Finance,11-50,Europe,Organic,Pro,Active,79.0,5,51,234,1,9.0,3.0,632.0,1,Growth Potential
C00173,Company 173,SaaS,201-1000,North America,Organic,Enterprise,Active,599.0,36,274,824,2,4.0,2.5,5990.0,0,Enterprise Value
C00174,Company 174,Media,11-50,Europe,Organic,Starter,Active,29.0,19,126,930,4,2.25,2.0,964.0,1,Growth Potential
C00175,Company 175,Media,1-10,Europe,Organic,Pro,Active,79.0,22,178,578,2,2.0,3.0,237.0,1,Growth Potential
C00176,Company 176,Education,11-50,Europe,Referral,Starter,Active,29.0,28,212,387,3,3.3333333333333335,2.6666666666666665,551.0,1,Growth Potential
C00177,Company 177,Consulting,11-50,Asia-Pacific,Referral,Starter,Active,29.0,22,231,1204,3,1.6666666666666667,4.0,145.0,1,Growth Potential
C00178,Company 178,Retail,1-10,Europe,Partner,Free,Active,0.0,10,80,286,0,0.0,0.0,0.0,1,Growth Potential
C00179,Company 179,Retail,51-200,North America,Paid Search,Pro,Active,79.0,9,75,343,2,2.5,1.5,869.0,1,Growth Potential
C00180,Company 180,Media,201-1000,Europe,Organic,Enterprise,Active,599.0,17,174,943,2,3.5,2.0,9584.0,0,Enterprise Value
C00181,Company 181,Media,1000+,North America,Organic,Enterprise,Active,599.0,24,188,1136,7,2.0,2.8333333333333335,19767.0,0,Enterprise Value
C00182,Company 182,Retail,201-1000,Asia-Pacific,Referral,Business,Active,199.0,38,313,2155,1,1.0,1.0,4179.0,2,Healthy Accounts
C00183,Company 183,Education,11-50,Europe,Paid Search,Starter,Active,29.0,22,195,971,5,2.4,2.6666666666666665,464.0,1,Growth Potential
C00184,Company 184,SaaS,51-200,North America,Partner,Business,Active,199.0,31,358,1252,0,0.0,0.0,1393.0,2,Healthy Accounts
C00185,Company 185,Healthcare,1-10,North America,Paid Search,Starter,Active,29.0,10,103,525,7,2.2857142857142856,4.666666666666667,435.0,1,Growth Potential
C00186,Company 186,Education,11-50,North America,Paid Search,Pro,Active,79.0,31,287,1913,3,3.0,3.0,316.0,2,Healthy Accounts
C00187,Company 187,Healthcare,11-50,North America,Partner,Starter,Active,29.0,8,71,314,2,3.5,3.0,116.0,1,Growth Potential
C00188,Company 188,Manufacturing,1000+,Asia-Pacific,Organic,Enterprise,Active,599.0,9,77,457,0,0.0,0.0,2995.0,0,Enterprise Value
C00189,Company 189,Education,1000+,Asia-Pacific,Organic,Business,Active,199.0,8,73,522,1,1.0,4.0,1791.0,1,Growth Potential
C00190,Company 190,Manufacturing,1000+,North America,Outbound,Business,Active,199.0,32,261,1978,2,5.0,5.0,1592.0,2,Healthy Accounts
C00191,Company 191,Consulting,1-10,North America,Paid Search,Starter,Active,29.0,43,479,2461,1,1.0,5.0,551.0,2,Healthy Accounts
C00192,Company 192,Manufacturing,11-50,North America,Outbound,Pro,Active,79.0,48,255,1774,6,2.6666666666666665,3.8333333333333335,1322.0,2,Healthy Accounts
C00193,Company 193,Manufacturing,11-50,Asia-Pacific,Referral,Pro,Active,79.0,19,183,789,2,2.0,0.0,3898.0,1,Growth Potential
C00194,Company 194,Consulting,51-200,Asia-Pacific,Referral,Business,Active,199.0,22,215,814,1,1.0,4.0,2587.0,1,Growth Potential
C00195,Company 195,SaaS,51-200,Latin America,Organic,Enterprise,Active,599.0,20,215,766,4,3.5,3.0,7787.0,0,Enterprise Value
C00196,Company 196,Education,1000+,Asia-Pacific,Organic,Enterprise,Active,599.0,35,333,1407,4,1.75,2.25,5391.0,0,Enterprise Value
C00197,Company 197,Media,11-50,Europe,Paid Search,Starter,Active,29.0,22,152,908,1,1.0,5.0,174.0,1,Growth Potential
C00198,Company 198,Consulting,201-1000,Europe,Referral,Enterprise,Active,599.0,19,177,830,3,1.6666666666666667,3.3333333333333335,10782.0,0,Enterprise Value
C00199,Company 199,Consulting,1-10,Europe,Paid Search,Free,Active,0.0,34,291,1146,1,1.0,5.0,0.0,2,Healthy Accounts
C00200,Company 200,Manufacturing,201-1000,Europe,Organic,Enterprise,Active,599.0,17,167,646,2,4.5,4.0,6589.0,0,Enterprise Value
C00201,Company 201,Finance,1-10,Latin America,Organic,Pro,Active,79.0,8,54,132,0,0.0,0.0,474.0,1,Growth Potential
C00202,Company 202,SaaS,1-10,North America,Organic,Starter,Active,29.0,31,218,1565,2,2.5,2.5,906.0,2,Healthy Accounts
C00203,Company 203,Education,1-10,North America,Organic,Starter,Active,29.0,25,217,1333,7,3.0,2.5,377.0,2,Healthy Accounts
C00204,Company 204,Education,11-50,North America,Outbound,Starter,Active,29.0,29,230,856,0,0.0,0.0,116.0,1,Growth Potential
C00205,Company 205,Retail,51-200,Asia-Pacific,Referral,Business,Active,199.0,5,38,138,3,4.0,2.6666666666666665,5373.0,1,Growth Potential
C00206,Company 206,Healthcare,1000+,North America,Paid Search,Enterprise,Active,599.0,16,174,562,3,2.6666666666666665,2.6666666666666665,5389.0,0,Enterprise Value
C00207,Company 207,Education,1-10,Europe,Paid Search,Starter,Active,29.0,27,204,769,0,0.0,0.0,58.0,1,Growth Potential
C00208,Company 208,Media,1-10,Europe,Organic,Starter,Active,29.0,25,191,709,8,1.125,3.0,899.0,1,Growth Potential
C00209,Company 209,Finance,11-50,Europe,Outbound,Starter,Active,29.0,27,210,1295,3,5.666666666666667,4.0,464.0,2,Healthy Accounts
C00210,Company 210,Retail,201-1000,Europe,Organic,Enterprise,Active,599.0,25,250,982,8,3.25,2.875,19767.0,0,Enterprise Value
C00211,Company 211,Media,1-10,Europe,Paid Search,Free,Active,0.0,26,248,1031,0,0.0,0.0,0.0,1,Growth Potential
C00212,Company 212,Finance,11-50,Asia-Pacific,Partner,Pro,Active,79.0,31,299,1870,0,0.0,0.0,1185.0,2,Healthy Accounts
C00213,Company 213,Retail,11-50,Europe,Organic,Starter,Active,29.0,6,47,161,4,1.75,3.0,261.0,1,Growth Potential
C00214,Company 214,Retail,11-50,Europe,Referral,Starter,Active,29.0,27,179,889,1,3.0,4.0,203.0,1,Growth Potential
C00215,Company 215,Education,1-10,Europe,Referral,Starter,Active,29.0,37,282,2032,5,3.2,2.0,609.0,2,Healthy Accounts
C00216,Company 216,Media,11-50,North America,Outbound,Pro,Active,79.0,21,225,1238,4,2.0,1.0,2054.0,2,Healthy Accounts
C00217,Company 217,Retail,1-10,North America,Organic,Starter,Active,29.0,18,150,898,0,0.0,0.0,87.0,1,Growth Potential
C00218,Company 218,Finance,51-200,Asia-Pacific,Paid Search,Pro,Active,79.0,34,368,1166,2,1.5,3.5,553.0,2,Healthy Accounts
C00219,Company 219,Manufacturing,11-50,Asia-Pacific,Referral,Pro,Active,79.0,16,129,592,9,1.777777777777778,3.0,3608.0,1,Growth Potential
C00220,Company 220,Manufacturing,11-50,Europe,Paid Search,Pro,Active,79.0,23,141,662,0,0.0,0.0,711.0,1,Growth Potential
C00221,Company 221,Media,11-50,Asia-Pacific,Referral,Pro,Active,79.0,3,21,79,10,2.0,3.875,2291.0,1,Growth Potential
C00222,Company 222,Manufacturing,1000+,North America,Referral,Enterprise,Active,599.0,22,164,944,0,0.0,0.0,1198.0,0,Enterprise Value
C00223,Company 223,Education,1-10,Asia-Pacific,Referral,Pro,Active,79.0,19,175,571,1,1.0,0.0,395.0,1,Growth Potential
C00224,Company 224,Retail,201-1000,Europe,Paid Search,Business,Active,199.0,6,50,311,2,7.5,1.0,1592.0,1,Growth Potential
C00225,Company 225,SaaS,201-1000,Europe,Partner,Business,Active,199.0,1,9,51,0,0.0,0.0,3383.0,1,Growth Potential
C00226,Company 226,Retail,1-10,Latin America,Organic,Starter,Active,29.0,6,45,140,2,1.0,3.5,116.0,1,Growth Potential
C00227,Company 227,Media,1-10,North America,Outbound,Starter,Active,29.0,41,407,2830,8,1.125,2.625,522.0,2,Healthy Accounts
C00228,Company 228,Media,1-10,North America,Paid Search,Free,Active,0.0,48,431,1626,1,1.0,3.0,0.0,2,Healthy Accounts
C00229,Company 229,Manufacturing,1-10,Asia-Pacific,Organic,Pro,Active,79.0,29,204,1254,0,0.0,0.0,237.0,2,Healthy Accounts
C00230,Company 230,SaaS,201-1000,Europe,Organic,Business,Active,199.0,20,187,1420,5,2.2,3.0,2985.0,1,Growth Potential
C00231,Company 231,Consulting,11-50,North America,Paid Search,Starter,Active,29.0,16,207,548,5,3.6,1.6666666666666667,551.0,1,Growth Potential
C00232,Company 232,Media,51-200,North America,Organic,Pro,Active,79.0,17,192,1238,1,1.0,0.0,316.0,1,Growth Potential
C00233,Company 233,Education,11-50,North America,Organic,Business,Active,199.0,1,8,24,1,1.0,0.0,597.0,1,Growth Potential
C00234,Company 234,Education,1-10,Asia-Pacific,Organic,Free,Active,0.0,34,363,771,5,1.6,3.2,0.0,2,Healthy Accounts
C00235,Company 235,Consulting,1-10,Asia-Pacific,Organic,Free,Active,0.0,32,265,1565,2,1.0,3.5,0.0,2,Healthy Accounts
C00236,Company 236,Education,1-10,Europe,Paid Search,Starter,Active,29.0,24,272,840,2,2.5,3.0,377.0,1,Growth Potential
C00237,Company 237,SaaS,1-10,Europe,Outbound,Free,Active,0.0,4,32,104,0,0.0,0.0,0.0,1,Growth Potential
C00238,Company 238,Media,201-1000,Europe,Outbound,Business,Active,199.0,25,247,924,3,5.0,2.6666666666666665,1592.0,1,Growth Potential
C00239,Company 239,Manufacturing,1-10,North America,Paid Search,Free,Active,0.0,24,248,363,2,3.5,3.5,0.0,1,Growth Potential
C00240,Company 240,Finance,51-200,Europe,Partner,Business,Active,199.0,27,177,880,3,1.0,2.0,5572.0,1,Growth Potential
C00241,Company 241,Finance,1-10,North America,Referral,Starter,Active,29.0,11,87,311,0,0.0,0.0,464.0,1,Growth Potential
C00242,Company 242,Healthcare,51-200,North America,Organic,Pro,Active,79.0,32,391,2657,8,2.0,2.8333333333333335,2291.0,2,Healthy Accounts
C00243,Company 243,Manufacturing,11-50,North America,Organic,Pro,Active,79.0,1,12,81,5,2.0,2.4,930.0,1,Growth Potential
C00244,Company 244,Education,1-10,North America,Organic,Free,Active,0.0,6,65,368,1,1.0,1.0,0.0,1,Growth Potential
C00245,Company 245,Healthcare,51-200,Latin America,Referral,Business,Active,199.0,1,6,40,0,0.0,0.0,597.0,1,Growth Potential
C00246,Company 246,Consulting,11-50,Europe,Paid Search,Pro,Active,79.0,29,292,965,0,0.0,0.0,316.0,2,Healthy Accounts
C00247,Company 247,Healthcare,201-1000,Europe,Referral,Enterprise,Active,599.0,23,183,784,0,0.0,0.0,2995.0,0,Enterprise Value
C00248,Company 248,Retail,11-50,Europe,Organic,Starter,Active,29.0,20,162,790,3,1.6666666666666667,2.5,348.0,1,Growth Potential
C00249,Company 249,Consulting,11-50,North America,Organic,Pro,Active,79.0,15,159,990,2,3.0,2.0,948.0,1,Growth Potential
C00250,Company 250,Finance,51-200,Europe,Organic,Pro,Active,79.0,28,286,1053,1,1.0,2.0,158.0,2,Healthy Accounts
C00251,Company 251,SaaS,11-50,Europe,Referral,Starter,Active,29.0,25,300,821,2,6.5,2.5,377.0,2,Healthy Accounts
C00252,Company 252,Healthcare,11-50,Latin America,Paid Search,Pro,Active,79.0,54,418,2530,0,0.0,0.0,395.0,2,Healthy Accounts
C00253,Company 253,Manufacturing,1-10,Latin America,Outbound,Starter,Active,29.0,44,335,1930,6,2.6666666666666665,3.1666666666666665,4030.0,2,Healthy Accounts
C00254,Company 254,Education,11-50,Europe,Organic,Starter,Active,29.0,36,350,1750,2,1.0,1.0,203.0,2,Healthy Accounts
C00255,Company 255,Manufacturing,11-50,North America,Referral,Starter,Active,29.0,4,42,150,2,3.5,2.0,561.0,1,Growth Potential
C00256,Company 256,SaaS,11-50,Asia-Pacific,Outbound,Pro,Active,79.0,20,172,1206,2,6.0,2.5,553.0,1,Growth Potential
C00257,Company 257,Media,1-10,North America,Organic,Free,Active,0.0,35,231,1630,0,0.0,0.0,0.0,2,Healthy Accounts
C00258,Company 258,Healthcare,11-50,Asia-Pacific,Referral,Starter,Active,29.0,1,6,48,1,1.0,1.0,464.0,1,Growth Potential
C00259,Company 259,Media,1000+,North America,Referral,Enterprise,Active,599.0,33,322,2189,1,1.0,5.0,17371.0,0,Enterprise Value
C00260,Company 260,Manufacturing,1-10,Asia-Pacific,Paid Search,Free,Active,0.0,20,165,62,0,0.0,0.0,0.0,1,Growth Potential
C00261,Company 261,Manufacturing,1-10,North America,Referral,Starter,Active,29.0,27,330,1250,2,2.5,3.0,261.0,2,Healthy Accounts
C00262,Company 262,Consulting,1-10,North America,Organic,Free,Active,0.0,4,39,163,1,1.0,2.0,0.0,1,Growth Potential
C00263,Company 263,Finance,1-10,Europe,Organic,Free,Active,0.0,15,123,335,0,0.0,0.0,0.0,1,Growth Potential
C00264,Company 264,Healthcare,1-10,Europe,Organic,Starter,Active,29.0,43,356,2263,0,0.0,0.0,706.0,2,Healthy Accounts
C00265,Company 265,Healthcare,1-10,Asia-Pacific,Outbound,Starter,Active,29.0,17,190,923,0,0.0,0.0,261.0,1,Growth Potential
C00266,Company 266,Education,11-50,Latin America,Referral,Pro,Active,79.0,1,9,39,1,1.0,2.0,1185.0,1,Growth Potential
C00267,Company 267,Education,51-200,Europe,Outbound,Pro,Active,79.0,39,469,2850,3,3.0,3.6666666666666665,1106.0,2,Healthy Accounts
C00268,Company 268,Education,1000+,North America,Outbound,Enterprise,Active,599.0,43,367,1809,2,1.0,3.5,4193.0,0,Enterprise Value
C00269,Company 269,Media,11-50,Europe,Organic,Pro,Active,79.0,12,98,337,0,0.0,0.0,632.0,1,Growth Potential
C00270,Company 270,Healthcare,1000+,Asia-Pacific,Outbound,Enterprise,Active,599.0,29,328,1786,5,1.6,3.0,5391.0,0,Enterprise Value
C00271,Company 271,Finance,51-200,Europe,Outbound,Pro,Active,79.0,14,107,552,0,0.0,0.0,158.0,1,Growth Potential
C00272,Company 272,Healthcare,201-1000,North America,Organic,Business,Active,199.0,34,321,1150,0,0.0,0.0,199.0,2,Healthy Accounts
C00273,Company 273,Education,1-10,Asia-Pacific,Paid Search,Free,Active,0.0,13,95,359,3,1.0,3.0,0.0,1,Growth Potential
C00274,Company 274,Media,201-1000,Europe,Paid Search,Business,Active,199.0,13,94,132,2,4.0,4.5,3819.0,1,Growth Potential
C00275,Company 275,Education,11-50,North America,Organic,Pro,Active,79.0,48,464,3378,7,3.2857142857142856,4.2,4015.0,2,Healthy Accounts
C00276,Company 276,Healthcare,51-200,North America,Referral,Pro,Active,79.0,11,122,507,2,1.5,3.0,632.0,1,Growth Potential
C00277,Company 277,Healthcare,201-1000,Asia-Pacific,Paid Search,Business,Active,199.0,27,205,668,2,1.0,0.0,995.0,1,Growth Potential
C00278,Company 278,Finance,11-50,North America,Organic,Starter,Active,29.0,2,10,65,1,3.0,3.0,290.0,1,Growth Potential
C00279,Company 279,Media,51-200,North America,Paid Search,Pro,Active,79.0,19,214,1380,3,1.0,2.0,474.0,1,Growth Potential
C00280,Company 280,Education,1-10,North America,Organic,Free,Active,0.0,41,263,978,1,1.0,4.0,0.0,2,Healthy Accounts
C00281,Company 281,Consulting,1-10,Europe,Outbound,Free,Active,0.0,13,118,214,2,2.5,3.0,0.0,1,Growth Potential
C00282,Company 282,Healthcare,51-200,North America,Referral,Business,Active,199.0,31,160,747,3,1.0,3.5,5174.0,1,Growth Potential
C00283,Company 283,Media,11-50,North America,Organic,Starter,Active,29.0,32,311,1580,5,1.8,2.25,870.0,2,Healthy Accounts
C00284,Company 284,SaaS,11-50,North America,Paid Search,Pro,Active,79.0,31,340,1927,3,2.0,3.0,237.0,2,Healthy Accounts
C00285,Company 285,Manufacturing,1-10,North America,Paid Search,Free,Active,0.0,25,267,1685,2,4.0,4.5,0.0,2,Healthy Accounts
C00286,Company 286,Education,11-50,Asia-Pacific,Organic,Pro,Active,79.0,21,220,416,2,1.5,3.0,316.0,1,Growth Potential
C00287,Company 287,Manufacturing,51-200,North America,Referral,Pro,Active,79.0,21,173,781,3,1.0,4.0,1867.0,1,Growth Potential
C00288,Company 288,Healthcare,11-50,Asia-Pacific,Outbound,Starter,Active,29.0,23,252,1596,0,0.0,0.0,245.0,2,Healthy Accounts
C00289,Company 289,Healthcare,1000+,Asia-Pacific,Paid Search,Enterprise,Active,599.0,23,140,602,5,3.8,3.0,16772.0,0,Enterprise Value
C00290,Company 290,SaaS,51-200,North America,Partner,Business,Active,199.0,36,251,606,4,1.75,3.5,5970.0,2,Healthy Accounts
C00291,Company 291,Manufacturing,51-200,Latin America,Outbound,Pro,Active,79.0,15,118,582,1,8.0,5.0,158.0,1,Growth Potential
C00292,Company 292,Consulting,11-50,North America,Outbound,Pro,Active,79.0,11,106,606,5,3.8,4.2,3737.0,1,Growth Potential
C00293,Company 293,SaaS,1-10,Asia-Pacific,Outbound,Free,Active,0.0,21,160,938,2,8.5,4.0,0.0,1,Growth Potential
C00294,Company 294,Media,1-10,Asia-Pacific,Outbound,Free,Active,0.0,9,78,227,1,7.0,4.0,0.0,1,Growth Potential
C00295,Company 295,Healthcare,201-1000,Europe,Paid Search,Enterprise,Active,599.0,25,190,1170,0,0.0,0.0,1198.0,0,Enterprise Value
C00296,Company 296,Retail,11-50,Asia-Pacific,Outbound,Business,Active,199.0,38,406,2565,2,1.5,3.5,1393.0,2,Healthy Accounts
C00297,Company 297,Healthcare,1-10,Europe,Referral,Free,Active,0.0,50,493,1989,3,3.0,4.5,0.0,2,Healthy Accounts
C00298,Company 298,Retail,1-10,North America,Organic,Free,Active,0.0,3,23,156,0,0.0,0.0,0.0,1,Growth Potential
C00299,Company 299,Consulting,1-10,North America,Paid Search,Starter,Active,29.0,33,367,2168,5,4.4,3.6666666666666665,348.0,2,Healthy Accounts
C00300,Company 300,SaaS,11-50,North America,Paid Search,Pro,Active,79.0,1,8,39,0,0.0,0.0,553.0,1,Growth Potential
C00301,Company 301,Healthcare,11-50,Latin America,Outbound,Pro,Active,79.0,29,251,1245,1,2.0,0.0,1027.0,2,Healthy Accounts
C00302,Company 302,Consulting,201-1000,North America,Referral,Business,Active,199.0,22,259,852,5,2.4,3.75,3980.0,1,Growth Potential
C00303,Company 303,Manufacturing,1-10,North America,Referral,Free,Active,0.0,18,189,1189,1,8.0,1.0,0.0,1,Growth Potential
C00304,Company 304,Manufacturing,11-50,North America,Referral,Starter,Active,29.0,28,348,2043,7,1.7142857142857142,2.5,870.0,2,Healthy Accounts
C00305,Company 305,Media,11-50,North America,Paid Search,Starter,Active,29.0,29,232,825,5,3.4,3.2,522.0,2,Healthy Accounts
C00306,Company 306,Healthcare,1-10,Europe,Organic,Starter,Active,29.0,41,281,1528,3,1.0,3.0,232.0,2,Healthy Accounts
C00307,Company 307,Retail,201-1000,Europe,Organic,Business,Active,199.0,41,487,2116,7,6.857142857142857,3.6,4138.0,2,Healthy Accounts
C00308,Company 308,Consulting,1000+,North America,Organic,Business,Active,199.0,21,261,1531,6,1.8333333333333333,1.6,4776.0,2,Healthy Accounts
C00309,Company 309,Consulting,201-1000,Latin America,Paid Search,Enterprise,Active,599.0,30,263,1260,2,2.0,2.0,8386.0,0,Enterprise Value
C00310,Company 310,Retail,51-200,Asia-Pacific,Referral,Business,Active,199.0,35,307,1226,4,1.0,1.0,2786.0,2,Healthy Accounts
C00311,Company 311,Healthcare,51-200,Asia-Pacific,Partner,Pro,Active,79.0,43,342,692,0,0.0,0.0,158.0,2,Healthy Accounts
C00312,Company 312,Healthcare,1-10,North America,Partner,Free,Active,0.0,25,299,1913,0,0.0,0.0,0.0,2,Healthy Accounts
C00313,Company 313,Manufacturing,1-10,Europe,Paid Search,Starter,Active,29.0,44,389,918,3,2.6666666666666665,1.0,145.0,2,Healthy Accounts
C00314,Company 314,Retail,11-50,North America,Organic,Pro,Active,79.0,42,345,2141,0,0.0,0.0,158.0,2,Healthy Accounts
C00315,Company 315,Finance,11-50,North America,Referral,Starter,Active,29.0,44,388,1287,3,1.0,3.5,377.0,2,Healthy Accounts
C00316,Company 316,Manufacturing,51-200,North America,Paid Search,Business,Active,199.0,1,10,58,3,3.6666666666666665,2.6666666666666665,1990.0,1,Growth Potential
C00317,Company 317,SaaS,51-200,Asia-Pacific,Organic,Enterprise,Active,599.0,23,170,1133,0,0.0,0.0,1198.0,0,Enterprise Value
C00318,Company 318,Manufacturing,1-10,Latin America,Organic,Free,Active,0.0,21,192,963,0,0.0,0.0,0.0,1,Growth Potential
C00319,Company 319,Retail,11-50,Asia-Pacific,Partner,Pro,Active,79.0,17,147,616,0,0.0,0.0,316.0,1,Growth Potential
C00320,Company 320,Retail,1-10,North America,Partner,Starter,Active,29.0,28,272,1963,1,1.0,5.0,145.0,2,Healthy Accounts
C00321,Company 321,Healthcare,11-50,Europe,Organic,Starter,Active,29.0,31,413,2103,3,11.0,3.5,174.0,2,Healthy Accounts
C00322,Company 322,Manufacturing,1-10,Asia-Pacific,Referral,Pro,Active,79.0,15,152,570,9,4.222222222222222,2.6666666666666665,2191.0,1,Growth Potential
C00323,Company 323,SaaS,51-200,Latin America,Organic,Pro,Active,79.0,38,265,1757,2,1.0,2.0,790.0,2,Healthy Accounts
C00324,Company 324,Media,51-200,Europe,Referral,Business,Active,199.0,14,122,639,4,3.75,2.6666666666666665,2985.0,1,Growth Potential
C00325,Company 325,Retail,11-50,Europe,Referral,Pro,Active,79.0,4,25,132,2,1.5,3.0,2224.0,1,Growth Potential
C00326,Company 326,Media,11-50,North America,Outbound,Starter,Active,29.0,17,237,1047,1,1.0,3.0,377.0,1,Growth Potential
C00327,Company 327,Media,51-200,Europe,Organic,Pro,Active,79.0,27,177,923,0,0.0,0.0,1507.0,1,Growth Potential
C00328,Company 328,Manufacturing,11-50,Asia-Pacific,Organic,Starter,Active,29.0,21,245,1483,1,1.0,1.0,261.0,2,Healthy Accounts
C00329,Company 329,Manufacturing,1000+,Europe,Organic,Enterprise,Active,599.0,11,73,374,9,3.111111111111111,3.25,16173.0,0,Enterprise Value
C00330,Company 330,Retail,1-10,Europe,Paid Search,Free,Active,0.0,19,201,1006,0,0.0,0.0,0.0,1,Growth Potential
C00331,Company 331,Media,1-10,Asia-Pacific,Organic,Free,Active,0.0,25,185,1234,0,0.0,0.0,0.0,1,Growth Potential
C00332,Company 332,Healthcare,1-10,Asia-Pacific,Outbound,Starter,Active,29.0,24,230,1238,0,0.0,0.0,261.0,1,Growth Potential
C00333,Company 333,Consulting,1-10,Europe,Organic,Free,Active,0.0,22,224,1588,6,2.5,2.5,0.0,2,Healthy Accounts
C00334,Company 334,Media,11-50,Europe,Organic,Business,Active,199.0,32,293,357,5,3.4,3.2,3184.0,2,Healthy Accounts
C00335,Company 335,SaaS,1-10,North America,Paid Search,Free,Active,0.0,11,132,940,0,0.0,0.0,0.0,1,Growth Potential
C00336,Company 336,Finance,1-10,Europe,Organic,Starter,Active,29.0,10,84,180,1,1.0,4.0,87.0,1,Growth Potential
C00337,Company 337,Manufacturing,51-200,North America,Referral,Business,Active,199.0,2,23,124,2,2.0,2.0,2903.0,1,Growth Potential
C00338,Company 338,Retail,11-50,North America,Organic,Pro,Active,79.0,49,238,1524,1,1.0,3.0,158.0,2,Healthy Accounts
C00339,Company 339,Finance,11-50,North America,Paid Search,Pro,Active,79.0,21,204,1035,5,3.4,2.8,1422.0,1,Growth Potential
C00340,Company 340,Manufacturing,11-50,Europe,Outbound,Starter,Active,29.0,27,259,1083,3,5.666666666666667,1.6666666666666667,348.0,2,Healthy Accounts
C00341,Company 341,Media,51-200,Europe,Organic,Pro,Active,79.0,38,351,2558,3,2.0,4.0,1106.0,2,Healthy Accounts
C00342,Company 342,Consulting,1-10,Europe,Referral,Starter,Active,29.0,6,33,151,3,3.3333333333333335,2.0,1267.0,1,Growth Potential
C00343,Company 343,Manufacturing,11-50,Latin America,Paid Search,Pro,Active,79.0,41,310,2039,2,1.0,4.5,1185.0,2,Healthy Accounts
C00344,Company 344,Retail,1-10,Europe,Partner,Free,Active,0.0,10,84,215,0,0.0,0.0,0.0,1,Growth Potential
C00345,Company 345,Retail,51-200,Europe,Paid Search,Enterprise,Active,599.0,33,204,1314,4,1.75,2.25,20366.0,0,Enterprise Value
C00346,Company 346,Media,11-50,Europe,Referral,Starter,Active,29.0,7,60,360,4,2.75,2.6666666666666665,319.0,1,Growth Potential
C00347,Company 347,Education,11-50,Asia-Pacific,Organic,Pro,Active,79.0,36,414,1614,1,1.0,3.0,316.0,2,Healthy Accounts
C00348,Company 348,Media,1-10,North America,Referral,Free,Active,0.0,27,270,1292,2,1.5,3.0,0.0,2,Healthy Accounts
C00349,Company 349,Finance,1-10,North America,Partner,Starter,Active,29.0,1,4,12,0,0.0,0.0,87.0,1,Growth Potential
C00350,Company 350,Education,1-10,North America,Organic,Pro,Active,79.0,51,512,3270,0,0.0,0.0,237.0,2,Healthy Accounts
C00351,Company 351,SaaS,201-1000,Europe,Referral,Enterprise,Active,599.0,20,190,810,0,0.0,0.0,1198.0,0,Enterprise Value
C00352,Company 352,Consulting,1-10,Europe,Organic,Free,Active,0.0,3,28,124,1,6.0,0.0,0.0,1,Growth Potential
C00353,Company 353,Manufacturing,201-1000,Europe,Paid Search,Business,Active,199.0,5,53,257,4,2.0,3.0,6185.0,1,Growth Potential
C00354,Company 354,Education,11-50,North America,Organic,Pro,Active,79.0,19,137,713,4,4.25,2.5,1185.0,1,Growth Potential
C00355,Company 355,Retail,1-10,Asia-Pacific,Partner,Starter,Active,29.0,37,255,1058,4,2.75,2.75,764.0,2,Healthy Accounts
C00356,Company 356,Consulting,51-200,North America,Paid Search,Business,Active,199.0,22,157,1099,1,1.0,3.0,1393.0,1,Growth Potential
C00357,Company 357,Media,1-10,Asia-Pacific,Referral,Starter,Active,29.0,25,234,1573,0,0.0,0.0,116.0,2,Healthy Accounts
C00358,Company 358,Healthcare,51-200,North America,Partner,Business,Active,199.0,34,420,1572,6,2.5,3.0,3184.0,2,Healthy Accounts
C00359,Company 359,Consulting,201-1000,Europe,Organic,Enterprise,Active,599.0,14,186,893,0,0.0,0.0,1797.0,0,Enterprise Value
C00360,Company 360,Retail,1-10,Latin America,Outbound,Pro,Active,79.0,29,343,1822,3,1.0,3.0,910.0,2,Healthy Accounts
C00361,Company 361,Education,1-10,North America,Referral,Free,Active,0.0,21,224,1064,0,0.0,0.0,0.0,1,Growth Potential
C00362,Company 362,Finance,1-10,North America,Organic,Starter,Active,29.0,33,255,1614,2,1.0,1.0,145.0,2,Healthy Accounts
C00363,Company 363,SaaS,1-10,Latin America,Outbound,Free,Active,0.0,20,135,832,3,3.0,3.5,0.0,1,Growth Potential
C00364,Company 364,Consulting,11-50,Europe,Partner,Pro,Active,79.0,52,422,913,2,1.0,3.5,1422.0,2,Healthy Accounts
C00365,Company 365,Retail,51-200,Europe,Organic,Business,Active,199.0,3,22,97,0,0.0,0.0,1990.0,1,Growth Potential
C00366,Company 366,SaaS,51-200,Asia-Pacific,Organic,Pro,Active,79.0,1,9,56,7,1.4285714285714286,2.2,1975.0,1,Growth Potential
C00367,Company 367,SaaS,11-50,Latin America,Outbound,Pro,Active,79.0,10,76,450,3,2.0,2.6666666666666665,790.0,1,Growth Potential
C00368,Company 368,Retail,51-200,Asia-Pacific,Organic,Pro,Active,79.0,2,20,74,3,1.3333333333333333,3.5,532.0,1,Growth Potential
C00369,Company 369,Manufacturing,1-10,North America,Referral,Starter,Active,29.0,42,593,2396,0,0.0,0.0,29.0,2,Healthy Accounts
C00370,Company 370,Consulting,11-50,North America,Partner,Starter,Active,29.0,34,446,1065,9,3.3333333333333335,3.3333333333333335,1633.0,2,Healthy Accounts
C00371,Company 371,Retail,11-50,Europe,Referral,Starter,Active,29.0,45,440,1986,4,1.75,3.3333333333333335,1257.0,2,Healthy Accounts
C00372,Company 372,Education,51-200,North America,Outbound,Pro,Active,79.0,31,238,1790,2,6.5,4.0,711.0,2,Healthy Accounts
C00373,Company 373,Finance,51-200,North America,Paid Search,Business,Active,199.0,37,350,2333,0,0.0,0.0,597.0,2,Healthy Accounts
C00374,Company 374,Manufacturing,1-10,Latin America,Organic,Free,Active,0.0,57,348,708,1,1.0,4.0,0.0,2,Healthy Accounts
C00375,Company 375,Retail,1-10,Latin America,Organic,Starter,Active,29.0,25,258,1056,4,1.0,2.3333333333333335,435.0,2,Healthy Accounts
C00376,Company 376,Retail,11-50,Europe,Referral,Pro,Active,79.0,24,267,1148,4,1.75,3.75,869.0,2,Healthy Accounts
C00377,Company 377,Retail,1-10,North America,Organic,Free,Active,0.0,2,13,52,1,1.0,1.0,0.0,1,Growth Potential
C00378,Company 378,Retail,201-1000,Europe,Outbound,Enterprise,Active,599.0,18,130,1008,0,0.0,0.0,3594.0,0,Enterprise Value
C00379,Company 379,Healthcare,11-50,Europe,Organic,Starter,Active,29.0,22,185,960,0,0.0,0.0,87.0,1,Growth Potential
C00380,Company 380,Media,51-200,Europe,Referral,Pro,Active,79.0,20,184,1124,1,1.0,3.0,395.0,1,Growth Potential
C00381,Company 381,Education,51-200,Asia-Pacific,Outbound,Business,Active,199.0,27,254,1670,8,2.75,2.4285714285714284,5970.0,2,Healthy Accounts
C00382,Company 382,Manufacturing,11-50,North America,Paid Search,Starter,Active,29.0,24,285,808,0,0.0,0.0,87.0,1,Growth Potential
C00383,Company 383,Education,1-10,Europe,Paid Search,Free,Active,0.0,5,45,216,0,0.0,0.0,0.0,1,Growth Potential
C00384,Company 384,Consulting,1-10,North America,Outbound,Pro,Active,79.0,20,233,1460,4,5.25,4.5,2218.0,2,Healthy Accounts
C00385,Company 385,Consulting,51-200,Asia-Pacific,Paid Search,Business,Active,199.0,27,133,855,1,2.0,2.0,1194.0,1,Growth Potential
C00386,Company 386,SaaS,1-10,Europe,Paid Search,Free,Active,0.0,22,206,688,3,3.3333333333333335,3.6666666666666665,0.0,1,Growth Potential
C00387,Company 387,SaaS,51-200,Asia-Pacific,Paid Search,Pro,Active,79.0,24,183,125,3,2.0,2.0,1027.0,1,Growth Potential
C00388,Company 388,Finance,1-10,Europe,Organic,Free,Active,0.0,34,392,828,2,2.0,2.0,0.0,2,Healthy Accounts
C00389,Company 389,Consulting,201-1000,North America,Organic,Enterprise,Active,599.0,32,350,1481,1,1.0,3.0,4591.0,0,Enterprise Value
C00390,Company 390,Media,1-10,North America,Organic,Free,Active,0.0,33,214,1551,0,0.0,0.0,0.0,2,Healthy Accounts
C00391,Company 391,Media,11-50,North America,Partner,Pro,Active,79.0,20,214,999,6,3.5,2.6,2133.0,1,Growth Potential
C00392,Company 392,Healthcare,51-200,Latin America,Organic,Business,Active,199.0,15,123,986,0,0.0,0.0,1194.0,1,Growth Potential
C00393,Company 393,Education,11-50,Asia-Pacific,Referral,Pro,Active,79.0,12,76,419,3,4.0,3.0,2221.0,1,Growth Potential
C00394,Company 394,Media,1000+,Europe,Paid Search,Enterprise,Active,599.0,16,117,677,3,1.6666666666666667,2.3333333333333335,11980.0,0,Enterprise Value
C00395,Company 395,Retail,1-10,North America,Organic,Pro,Active,79.0,30,282,1751,2,3.5,2.0,2294.0,2,Healthy Accounts
C00396,Company 396,SaaS,1-10,North America,Referral,Free,Active,0.0,1,8,46,5,4.0,3.2,0.0,1,Growth Potential
C00397,Company 397,SaaS,1-10,North America,Organic,Starter,Active,29.0,11,121,735,0,0.0,0.0,348.0,1,Growth Potential
C00398,Company 398,Education,11-50,Asia-Pacific,Organic,Starter,Active,29.0,30,245,928,1,1.0,0.0,406.0,2,Healthy Accounts
C00399,Company 399,Education,1-10,Asia-Pacific,Partner,Starter,Active,29.0,18,141,277,6,1.1666666666666667,2.2,806.0,1,Growth Potential
C00400,Company 400,Manufacturing,11-50,North America,Outbound,Starter,Active,29.0,13,105,682,2,6.0,3.0,609.0,1,Growth Potential
C00401,Company 401,Media,1000+,North America,Paid Search,Business,Active,199.0,9,114,451,0,0.0,0.0,796.0,1,Growth Potential
C00402,Company 402,Healthcare,11-50,Europe,Referral,Starter,Active,29.0,29,346,1608,3,1.6666666666666667,3.0,203.0,2,Healthy Accounts
C00403,Company 403,Manufacturing,11-50,Latin America,Organic,Pro,Active,79.0,12,81,481,0,0.0,0.0,790.0,1,Growth Potential
C00404,Company 404,Media,51-200,North America,Organic,Pro,Active,79.0,15,66,363,6,2.5,3.1666666666666665,1185.0,1,Growth Potential
C00405,Company 405,Consulting,11-50,North America,Referral,Business,Active,199.0,14,138,920,3,3.0,3.3333333333333335,2401.0,1,Growth Potential
C00406,Company 406,Consulting,1-10,Asia-Pacific,Referral,Free,Active,0.0,1,10,68,2,2.5,5.0,0.0,1,Growth Potential
C00407,Company 407,Healthcare,1000+,North America,Paid Search,Enterprise,Active,599.0,18,169,486,3,3.6666666666666665,3.0,11381.0,0,Enterprise Value
C00408,Company 408,Consulting,1-10,Asia-Pacific,Referral,Free,Active,0.0,22,243,1181,0,0.0,0.0,0.0,1,Growth Potential
C00409,Company 409,SaaS,11-50,North America,Outbound,Starter,Active,29.0,15,128,434,2,2.5,3.5,377.0,1,Growth Potential
C00410,Company 410,Education,201-1000,Europe,Organic,Business,Active,199.0,52,599,3164,2,5.5,5.0,2388.0,2,Healthy Accounts
C00411,Company 411,Education,1-10,Latin America,Partner,Free,Active,0.0,35,303,2073,5,1.8,3.3333333333333335,0.0,2,Healthy Accounts
C00412,Company 412,Education,51-200,Europe,Referral,Pro,Active,79.0,45,541,2995,3,2.0,3.5,1417.0,2,Healthy Accounts
C00413,Company 413,Manufacturing,11-50,Asia-Pacific,Organic,Starter,Active,29.0,21,240,1342,0,0.0,0.0,145.0,1,Growth Potential
C00414,Company 414,Retail,11-50,North America,Referral,Pro,Active,79.0,21,159,910,0,0.0,0.0,158.0,1,Growth Potential
C00415,Company 415,Consulting,201-1000,Asia-Pacific,Paid Search,Enterprise,Active,599.0,5,31,148,3,6.666666666666667,3.0,8985.0,0,Enterprise Value
C00416,Company 416,Media,201-1000,North America,Paid Search,Business,Active,199.0,18,111,597,2,1.0,1.5,2189.0,1,Growth Potential
C00417,Company 417,Media,51-200,North America,Organic,Pro,Active,79.0,1,7,41,2,1.5,2.5,1185.0,1,Growth Potential
C00418,Company 418,Education,11-50,Europe,Paid Search,Starter,Active,29.0,19,224,986,2,2.5,3.0,232.0,1,Growth Potential
C00419,Company 419,Consulting,1-10,Europe,Outbound,Starter,Active,29.0,30,282,1800,4,3.0,4.0,598.0,2,Healthy Accounts
C00420,Company 420,Consulting,1-10,North America,Referral,Free,Active,0.0,32,341,1616,5,3.2,4.25,0.0,2,Healthy Accounts
C00421,Company 421,Finance,11-50,Latin America,Outbound,Starter,Active,29.0,5,52,132,4,1.5,2.25,1678.0,1,Growth Potential
C00422,Company 422,Education,51-200,North America,Paid Search,Business,Active,199.0,22,179,1092,8,2.75,2.5714285714285716,4179.0,1,Growth Potential
C00423,Company 423,Manufacturing,1-10,North America,Paid Search,Starter,Active,29.0,9,47,361,1,1.0,3.0,116.0,1,Growth Potential
C00424,Company 424,Media,51-200,North America,Organic,Business,Active,199.0,6,54,214,0,0.0,0.0,199.0,1,Growth Potential
C00425,Company 425,Retail,51-200,North America,Paid Search,Business,Active,199.0,12,100,496,3,1.6666666666666667,1.3333333333333333,1393.0,1,Growth Potential
C00426,Company 426,Finance,51-200,Asia-Pacific,Partner,Business,Active,199.0,15,82,342,0,0.0,0.0,199.0,1,Growth Potential
C00427,Company 427,Retail,1-10,Asia-Pacific,Organic,Starter,Active,29.0,25,167,893,2,2.0,2.5,116.0,1,Growth Potential
C00428,Company 428,Media,51-200,Europe,Organic,Business,Active,199.0,1,11,53,3,1.0,3.5,3582.0,1,Growth Potential
C00429,Company 429,Finance,1000+,Europe,Organic,Enterprise,Active,599.0,22,136,1092,5,2.0,3.2,11178.0,0,Enterprise Value
C00430,Company 430,Consulting,1-10,North America,Paid Search,Pro,Active,79.0,17,138,499,0,0.0,0.0,237.0,1,Growth Potential
C00431,Company 431,Media,51-200,Europe,Organic,Pro,Active,79.0,34,451,1329,1,1.0,1.0,1106.0,2,Healthy Accounts
C00432,Company 432,Finance,11-50,Asia-Pacific,Outbound,Starter,Active,29.0,9,130,586,1,1.0,5.0,174.0,1,Growth Potential
C00433,Company 433,Consulting,1-10,North America,Partner,Free,Active,0.0,48,329,1180,3,1.6666666666666667,4.0,0.0,2,Healthy Accounts
C00434,Company 434,SaaS,51-200,North America,Organic,Business,Active,199.0,4,31,149,3,2.6666666666666665,3.0,1194.0,1,Growth Potential
C00435,Company 435,Healthcare,1-10,Asia-Pacific,Organic,Free,Active,0.0,8,66,398,2,1.0,4.0,0.0,1,Growth Potential
C00436,Company 436,Education,201-1000,Europe,Organic,Business,Active,199.0,19,210,1287,2,6.0,1.5,1990.0,1,Growth Potential
C00437,Company 437,Media,51-200,Asia-Pacific,Paid Search,Enterprise,Active,599.0,12,83,318,3,1.3333333333333333,3.0,3594.0,0,Enterprise Value
C00438,Company 438,Finance,51-200,Europe,Referral,Pro,Active,79.0,39,321,1081,1,4.0,1.0,474.0,2,Healthy Accounts
C00439,Company 439,Finance,1-10,North America,Paid Search,Free,Active,0.0,18,80,287,0,0.0,0.0,0.0,1,Growth Potential
C00440,Company 440,Retail,1000+,Asia-Pacific,Organic,Enterprise,Active,599.0,48,623,2547,2,1.0,3.0,3594.0,2,Healthy Accounts
C00441,Company 441,Media,11-50,Europe,Paid Search,Pro,Active,79.0,49,543,3246,2,4.5,4.0,316.0,2,Healthy Accounts
C00442,Company 442,Education,1-10,Europe,Referral,Free,Active,0.0,20,174,514,3,1.0,3.3333333333333335,0.0,1,Growth Potential
C00443,Company 443,Healthcare,1-10,Asia-Pacific,Paid Search,Starter,Active,29.0,21,135,853,2,1.0,4.5,435.0,1,Growth Potential
C00444,Company 444,Retail,11-50,Europe,Organic,Pro,Active,79.0,14,125,844,0,0.0,0.0,635.0,1,Growth Potential
C00445,Company 445,Media,1-10,Europe,Organic,Starter,Active,29.0,8,67,352,1,1.0,0.0,58.0,1,Growth Potential
C00446,Company 446,Manufacturing,11-50,Europe,Organic,Pro,Active,79.0,11,96,280,4,2.25,2.3333333333333335,1106.0,1,Growth Potential
C00447,Company 447,Media,201-1000,North America,Organic,Business,Active,199.0,5,46,224,2,1.5,3.0,4650.0,1,Growth Potential
C00448,Company 448,Education,51-200,Europe,Paid Search,Business,Active,199.0,17,171,906,1,1.0,1.0,796.0,1,Growth Potential
C00449,Company 449,Retail,51-200,North America,Organic,Business,Active,199.0,1,7,44,1,1.0,5.0,597.0,1,Growth Potential
C00450,Company 450,Retail,1-10,Europe,Organic,Pro,Active,79.0,12,126,786,1,1.0,3.0,316.0,1,Growth Potential
C00451,Company 451,Education,51-200,Asia-Pacific,Paid Search,Pro,Active,79.0,3,31,138,0,0.0,0.0,237.0,1,Growth Potential
C00452,Company 452,Finance,11-50,North America,Organic,Pro,Active,79.0,32,293,1641,7,2.142857142857143,2.6,4205.0,2,Healthy Accounts
C00453,Company 453,Media,201-1000,Asia-Pacific,Organic,Business,Active,199.0,20,145,1151,5,3.6,3.0,2587.0,1,Growth Potential
C00454,Company 454,Healthcare,11-50,North America,Paid Search,Pro,Active,79.0,1,8,23,5,2.0,2.6,1409.0,1,Growth Potential
C00455,Company 455,Media,11-50,Latin America,Organic,Pro,Active,79.0,27,212,1332,0,0.0,0.0,711.0,2,Healthy Accounts
C00456,Company 456,Education,51-200,North America,Referral,Pro,Active,79.0,24,202,671,4,1.75,4.666666666666667,790.0,1,Growth Potential
C00457,Company 457,Finance,51-200,Latin America,Paid Search,Pro,Active,79.0,3,29,164,0,0.0,0.0,1308.0,1,Growth Potential
C00458,Company 458,SaaS,11-50,Latin America,Paid Search,Pro,Active,79.0,23,209,1378,2,1.0,0.0,316.0,2,Healthy Accounts
C00459,Company 459,Retail,201-1000,Asia-Pacific,Organic,Business,Active,199.0,65,657,3429,3,1.6666666666666667,2.5,6169.0,2,Healthy Accounts
C00460,Company 460,Media,51-200,Europe,Outbound,Pro,Active,79.0,11,83,495,4,1.25,0.0,1738.0,1,Growth Potential
C00461,Company 461,Healthcare,51-200,Europe,Organic,Business,Active,199.0,36,393,1594,1,1.0,5.0,2189.0,2,Healthy Accounts
C00462,Company 462,Consulting,1-10,Europe,Partner,Free,Active,0.0,37,282,1973,1,1.0,3.0,0.0,2,Healthy Accounts
C00463,Company 463,Media,11-50,Europe,Partner,Pro,Active,79.0,1,11,48,0,0.0,0.0,1109.0,1,Growth Potential
C00464,Company 464,Finance,51-200,North America,Outbound,Business,Active,199.0,12,92,379,2,1.0,3.0,3582.0,1,Growth Potential
C00465,Company 465,SaaS,51-200,Europe,Paid Search,Pro,Active,79.0,47,708,1805,0,0.0,0.0,316.0,2,Healthy Accounts
C00466,Company 466,Media,1000+,North America,Organic,Enterprise,Active,599.0,35,427,1369,0,0.0,0.0,1797.0,0,Enterprise Value
C00467,Company 467,Education,1-10,Europe,Paid Search,Pro,Active,79.0,30,387,2117,4,3.25,2.75,790.0,2,Healthy Accounts
C00468,Company 468,Healthcare,11-50,North America,Referral,Pro,Active,79.0,22,174,872,3,4.333333333333333,4.666666666666667,1185.0,1,Growth Potential
C00469,Company 469,Finance,11-50,North America,Organic,Pro,Active,79.0,25,146,620,3,6.0,3.0,790.0,1,Growth Potential
C00470,Company 470,Education,11-50,Europe,Organic,Starter,Active,29.0,19,195,829,1,2.0,4.0,319.0,1,Growth Potential
C00471,Company 471,Consulting,11-50,North America,Paid Search,Business,Active,199.0,37,122,577,4,3.0,4.25,2786.0,1,Growth Potential
C00472,Company 472,SaaS,1-10,Asia-Pacific,Referral,Free,Active,0.0,35,380,1810,4,3.25,2.5,0.0,2,Healthy Accounts
C00473,Company 473,Education,51-200,Europe,Organic,Pro,Active,79.0,14,127,596,1,5.0,5.0,3974.0,1,Growth Potential
C00474,Company 474,Consulting,11-50,North America,Paid Search,Starter,Active,29.0,7,51,411,0,0.0,0.0,261.0,1,Growth Potential
C00475,Company 475,Media,51-200,North America,Organic,Enterprise,Active,599.0,29,199,1291,4,2.5,2.0,9978.0,0,Enterprise Value
C00476,Company 476,SaaS,11-50,Europe,Paid Search,Pro,Active,79.0,21,228,834,4,1.25,3.0,1343.0,1,Growth Potential
C00477,Company 477,Finance,1-10,Europe,Referral,Free,Active,0.0,44,408,2518,1,13.0,0.0,0.0,2,Healthy Accounts
C00478,Company 478,Finance,11-50,North America,Organic,Pro,Active,79.0,33,328,1357,1,9.0,5.0,316.0,2,Healthy Accounts
C00479,Company 479,Media,11-50,Europe,Referral,Starter,Active,29.0,19,173,1130,8,2.875,3.2857142857142856,812.0,1,Growth Potential
C00480,Company 480,Healthcare,11-50,Asia-Pacific,Outbound,Pro,Active,79.0,19,192,698,1,4.0,0.0,3386.0,1,Growth Potential
C00481,Company 481,Healthcare,201-1000,North America,Referral,Business,Active,199.0,1,7,22,1,1.0,0.0,796.0,1,Growth Potential
C00482,Company 482,Healthcare,1-10,Europe,Organic,Starter,Active,29.0,21,214,1295,0,0.0,0.0,203.0,1,Growth Potential
C00483,Company 483,Media,11-50,North America,Referral,Pro,Active,79.0,37,412,2610,4,3.0,3.5,1896.0,2,Healthy Accounts
C00484,Company 484,Healthcare,11-50,North America,Paid Search,Pro,Active,79.0,12,95,562,0,0.0,0.0,474.0,1,Growth Potential
C00485,Company 485,SaaS,11-50,Europe,Outbound,Pro,Active,79.0,1,9,43,1,2.0,4.0,553.0,1,Growth Potential
C00486,Company 486,Consulting,51-200,North America,Partner,Business,Active,199.0,1,9,43,2,1.0,3.0,398.0,1,Growth Potential
C00487,Company 487,Consulting,11-50,North America,Outbound,Starter,Active,29.0,21,188,950,4,3.0,3.5,754.0,1,Growth Potential
C00488,Company 488,SaaS,51-200,North America,Organic,Pro,Active,79.0,37,419,3091,1,5.0,3.0,1785.0,2,Healthy Accounts
C00489,Company 489,Consulting,1-10,Europe,Paid Search,Starter,Active,29.0,40,617,3766,1,11.0,3.0,174.0,2,Healthy Accounts
C00490,Company 490,Manufacturing,11-50,Europe,Organic,Starter,Active,29.0,22,207,1215,2,7.0,2.5,145.0,1,Growth Potential
C00491,Company 491,Education,51-200,Latin America,Paid Search,Pro,Active,79.0,24,229,1484,0,0.0,0.0,237.0,2,Healthy Accounts
C00492,Company 492,Education,51-200,North America,Referral,Business,Active,199.0,42,362,1855,4,2.0,3.5,6447.0,2,Healthy Accounts
C00493,Company 493,Finance,11-50,Europe,Organic,Pro,Active,79.0,11,59,353,1,1.0,5.0,395.0,1,Growth Potential
C00494,Company 494,Manufacturing,51-200,Asia-Pacific,Organic,Pro,Active,79.0,38,312,1460,1,3.0,1.0,553.0,2,Healthy Accounts
C00495,Company 495,Education,1-10,Asia-Pacific,Organic,Starter,Active,29.0,41,393,1627,2,2.0,5.0,841.0,2,Healthy Accounts
C00496,Company 496,Healthcare,11-50,North America,Paid Search,Starter,Active,29.0,18,169,826,1,2.0,2.0,435.0,1,Growth Potential
C00497,Company 497,Finance,1-10,North America,Organic,Pro,Active,79.0,37,403,1046,1,1.0,4.0,316.0,2,Healthy Accounts
C00498,Company 498,Healthcare,201-1000,Europe,Partner,Business,Active,199.0,24,215,820,6,2.8333333333333335,2.1666666666666665,9572.0,0,Enterprise Value
C00499,Company 499,Education,1-10,Asia-Pacific,Referral,Free,Active,0.0,21,174,660,3,1.3333333333333333,2.0,0.0,1,Growth Potential
C00500,Company 500,Retail,11-50,Europe,Referral,Business,Active,199.0,7,63,254,5,2.8,3.6666666666666665,2189.0,1,Growth Potential
C00501,Company 501,Finance,11-50,North America,Referral,Business,Active,199.0,1,6,39,4,1.25,3.5,3184.0,1,Growth Potential
C00502,Company 502,Consulting,51-200,Latin America,Outbound,Pro,Active,79.0,27,238,680,0,0.0,0.0,395.0,1,Growth Potential
C00503,Company 503,Finance,11-50,Asia-Pacific,Outbound,Business,Active,199.0,11,54,422,2,4.5,3.0,1194.0,1,Growth Potential
C00504,Company 504,Finance,51-200,Asia-Pacific,Referral,Pro,Active,79.0,14,146,649,3,1.0,3.5,632.0,1,Growth Potential
C00505,Company 505,Education,1-10,Europe,Paid Search,Free,Active,0.0,41,424,1902,4,7.25,4.5,0.0,2,Healthy Accounts
C00506,Company 506,Healthcare,51-200,Europe,Organic,Pro,Active,79.0,11,65,304,1,2.0,0.0,316.0,1,Growth Potential
C00507,Company 507,SaaS,51-200,North America,Outbound,Enterprise,Active,599.0,6,53,316,2,1.0,3.5,3594.0,0,Enterprise Value
C00508,Company 508,Healthcare,1-10,Europe,Partner,Free,Active,0.0,8,73,458,3,3.3333333333333335,2.5,0.0,1,Growth Potential
C00509,Company 509,Healthcare,1000+,Asia-Pacific,Paid Search,Enterprise,Active,599.0,1,10,32,1,4.0,2.0,9584.0,0,Enterprise Value
C00510,Company 510,Retail,1-10,North America,Partner,Starter,Active,29.0,17,87,615,4,1.75,1.5,319.0,1,Growth Potential
C00511,Company 511,Healthcare,1-10,North America,Paid Search,Starter,Active,29.0,26,289,1611,2,1.0,5.0,319.0,2,Healthy Accounts
C00512,Company 512,Media,51-200,Europe,Referral,Pro,Active,79.0,41,387,2754,7,1.4285714285714286,3.8,2651.0,2,Healthy Accounts
C00513,Company 513,Healthcare,1-10,Europe,Paid Search,Starter,Active,29.0,25,213,1418,0,0.0,0.0,58.0,2,Healthy Accounts
C00514,Company 514,Manufacturing,51-200,Asia-Pacific,Organic,Pro,Active,79.0,3,17,94,4,3.75,2.3333333333333335,632.0,1,Growth Potential
C00515,Company 515,Education,51-200,North America,Paid Search,Enterprise,Active,599.0,39,391,2409,0,0.0,0.0,1797.0,2,Healthy Accounts
C00516,Company 516,Retail,1-10,North America,Paid Search,Free,Active,0.0,15,107,664,1,4.0,0.0,0.0,1,Growth Potential
C00517,Company 517,Finance,51-200,Europe,Referral,Pro,Active,79.0,11,110,869,3,4.0,3.5,5013.0,1,Growth Potential
C00518,Company 518,Manufacturing,11-50,Asia-Pacific,Organic,Business,Active,199.0,43,357,2962,5,5.8,3.0,4776.0,2,Healthy Accounts
C00519,Company 519,Consulting,201-1000,Asia-Pacific,Referral,Enterprise,Active,599.0,50,613,1430,6,1.8333333333333333,3.4,16772.0,0,Enterprise Value
C00520,Company 520,Finance,201-1000,Europe,Organic,Enterprise,Active,599.0,18,218,990,1,1.0,5.0,6589.0,0,Enterprise Value
C00521,Company 521,Healthcare,11-50,North America,Paid Search,Pro,Active,79.0,21,90,627,7,1.8571428571428572,2.3333333333333335,727.0,1,Growth Potential
C00522,Company 522,Retail,1-10,Asia-Pacific,Referral,Free,Active,0.0,32,334,1530,10,2.4,2.3333333333333335,0.0,2,Healthy Accounts
C00523,Company 523,Retail,201-1000,North America,Referral,Enterprise,Active,599.0,18,137,682,0,0.0,0.0,1198.0,0,Enterprise Value
C00524,Company 524,SaaS,1-10,Asia-Pacific,Paid Search,Starter,Active,29.0,25,211,493,3,3.6666666666666665,3.6666666666666665,580.0,1,Growth Potential
C00525,Company 525,Consulting,11-50,Europe,Organic,Pro,Active,79.0,38,251,1054,1,1.0,1.0,790.0,2,Healthy Accounts
C00526,Company 526,Manufacturing,11-50,Latin America,Partner,Pro,Active,79.0,1,9,34,5,2.0,2.25,869.0,1,Growth Potential
C00527,Company 527,Media,11-50,North America,Outbound,Pro,Active,79.0,37,350,1962,8,1.75,1.8571428571428572,1338.0,2,Healthy Accounts
C00528,Company 528,Finance,51-200,North America,Partner,Pro,Active,79.0,27,253,797,4,2.75,3.3333333333333335,1191.0,2,Healthy Accounts
C00529,Company 529,SaaS,1-10,Latin America,Organic,Free,Active,0.0,34,300,2076,0,0.0,0.0,0.0,2,Healthy Accounts
C00530,Company 530,Media,11-50,Europe,Referral,Starter,Active,29.0,31,340,1974,1,1.0,4.0,261.0,2,Healthy Accounts
C00531,Company 531,Healthcare,1-10,North America,Paid Search,Starter,Active,29.0,38,313,2387,3,2.0,2.3333333333333335,535.0,2,Healthy Accounts
C00532,Company 532,Healthcare,1-10,Europe,Partner,Starter,Active,29.0,34,333,1927,0,0.0,0.0,640.0,2,Healthy Accounts
C00533,Company 533,Finance,11-50,North America,Referral,Starter,Active,29.0,43,336,1857,3,2.6666666666666665,3.3333333333333335,203.0,2,Healthy Accounts
C00534,Company 534,SaaS,51-200,North America,Outbound,Pro,Active,79.0,38,335,2006,3,2.6666666666666665,1.3333333333333333,553.0,2,Healthy Accounts
C00535,Company 535,SaaS,1-10,North America,Referral,Starter,Active,29.0,26,207,831,1,1.0,3.0,145.0,1,Growth Potential
C00536,Company 536,SaaS,1-10,North America,Referral,Starter,Active,29.0,1,11,23,1,1.0,3.0,116.0,1,Growth Potential
C00537,Company 537,Retail,11-50,North America,Outbound,Pro,Active,79.0,32,292,2556,4,1.75,2.6666666666666665,2054.0,2,Healthy Accounts
C00538,Company 538,Finance,51-200,Asia-Pacific,Outbound,Business,Active,199.0,2,15,61,3,4.0,4.0,2189.0,1,Growth Potential
C00539,Company 539,Finance,11-50,North America,Paid Search,Business,Active,199.0,45,410,2015,9,2.0,3.0,4331.0,2,Healthy Accounts
C00540,Company 540,SaaS,11-50,Europe,Paid Search,Starter,Active,29.0,31,321,1247,1,4.0,1.0,116.0,2,Healthy Accounts
C00541,Company 541,Finance,11-50,Asia-Pacific,Organic,Pro,Active,79.0,17,133,446,0,0.0,0.0,237.0,1,Growth Potential
C00542,Company 542,SaaS,1-10,Asia-Pacific,Paid Search,Starter,Active,29.0,1,6,37,5,2.2,3.0,551.0,1,Growth Potential
C00543,Company 543,Media,1-10,Latin America,Paid Search,Free,Active,0.0,27,196,628,5,2.8,3.0,0.0,1,Growth Potential
C00544,Company 544,Media,201-1000,North America,Outbound,Business,Active,199.0,8,64,214,2,6.5,1.5,1949.0,1,Growth Potential
C00545,Company 545,Retail,11-50,Asia-Pacific,Referral,Pro,Active,79.0,34,287,1630,3,4.0,2.5,869.0,2,Healthy Accounts
C00546,Company 546,SaaS,1-10,North America,Referral,Free,Active,0.0,34,274,1531,0,0.0,0.0,0.0,2,Healthy Accounts
C00547,Company 547,Finance,1000+,Asia-Pacific,Partner,Business,Active,199.0,1,6,35,2,1.0,4.0,1990.0,1,Growth Potential
C00548,Company 548,Finance,51-200,Europe,Organic,Business,Active,199.0,20,115,561,6,2.5,2.75,6965.0,1,Growth Potential
C00549,Company 549,Retail,11-50,Asia-Pacific,Organic,Pro,Active,79.0,22,189,1412,1,1.0,4.0,1185.0,1,Growth Potential
C00550,Company 550,Consulting,11-50,Latin America,Referral,Pro,Active,79.0,15,131,494,1,6.0,1.0,2426.0,1,Growth Potential
C00551,Company 551,Education,51-200,North America,Paid Search,Pro,Active,79.0,22,226,1366,3,3.3333333333333335,3.3333333333333335,432.0,2,Healthy Accounts
C00552,Company 552,SaaS,1-10,Latin America,Paid Search,Starter,Active,29.0,29,289,1729,1,3.0,2.0,87.0,2,Healthy Accounts
C00553,Company 553,Retail,51-200,North America,Paid Search,Enterprise,Active,599.0,32,251,1815,0,0.0,0.0,599.0,0,Enterprise Value
C00554,Company 554,SaaS,1000+,Latin America,Paid Search,Enterprise,Active,599.0,70,532,2859,5,2.8,2.6666666666666665,13178.0,0,Enterprise Value
C00555,Company 555,Education,51-200,Asia-Pacific,Organic,Business,Active,199.0,1,10,51,0,0.0,0.0,398.0,1,Growth Potential
C00556,Company 556,Consulting,11-50,Latin America,Outbound,Pro,Active,79.0,33,280,1593,1,1.0,4.0,237.0,2,Healthy Accounts
C00557,Company 557,Media,11-50,North America,Paid Search,Pro,Active,79.0,25,238,1986,0,0.0,0.0,237.0,2,Healthy Accounts
C00558,Company 558,Education,11-50,North America,Partner,Starter,Active,29.0,23,138,576,1,1.0,2.0,174.0,1,Growth Potential
C00559,Company 559,Manufacturing,201-1000,North America,Paid Search,Business,Active,199.0,13,124,548,1,1.0,4.0,1791.0,1,Growth Potential
C00560,Company 560,Healthcare,1-10,Asia-Pacific,Partner,Starter,Active,29.0,53,428,1538,6,1.0,2.1666666666666665,841.0,2,Healthy Accounts
C00561,Company 561,Consulting,1-10,North America,Organic,Free,Active,0.0,1,7,51,0,0.0,0.0,0.0,1,Growth Potential
C00562,Company 562,Education,11-50,Europe,Partner,Pro,Active,79.0,7,65,413,2,1.0,1.0,395.0,1,Growth Potential
C00563,Company 563,Healthcare,1-10,Asia-Pacific,Organic,Free,Active,0.0,19,203,1300,0,0.0,0.0,0.0,1,Growth Potential
C00564,Company 564,SaaS,51-200,North America,Referral,Business,Active,199.0,17,113,576,2,3.0,4.0,2227.0,1,Growth Potential
C00565,Company 565,Manufacturing,1-10,North America,Referral,Starter,Active,29.0,13,97,715,3,2.0,4.0,290.0,1,Growth Potential
C00566,Company 566,Healthcare,51-200,North America,Organic,Business,Active,199.0,23,222,938,1,1.0,1.0,1791.0,1,Growth Potential
C00567,Company 567,Education,201-1000,North America,Paid Search,Business,Active,199.0,22,151,756,5,2.2,3.75,1905.0,1,Growth Potential
C00568,Company 568,SaaS,51-200,North America,Organic,Business,Active,199.0,9,113,559,1,1.0,2.0,1194.0,1,Growth Potential
C00569,Company 569,Manufacturing,1-10,Europe,Outbound,Starter,Active,29.0,10,81,322,0,0.0,0.0,87.0,1,Growth Potential
C00570,Company 570,Finance,11-50,North America,Organic,Starter,Active,29.0,22,155,722,0,0.0,0.0,116.0,1,Growth Potential
C00571,Company 571,Healthcare,1-10,North America,Referral,Free,Active,0.0,26,240,788,1,1.0,0.0,0.0,1,Growth Potential
C00572,Company 572,SaaS,1-10,North America,Partner,Free,Active,0.0,39,408,1068,2,3.5,2.0,0.0,2,Healthy Accounts
C00573,Company 573,SaaS,51-200,North America,Paid Search,Business,Active,199.0,19,104,618,2,1.5,3.0,1592.0,1,Growth Potential
C00574,Company 574,Healthcare,1-10,North America,Organic,Free,Active,0.0,26,112,848,2,2.5,3.5,0.0,1,Growth Potential
C00575,Company 575,Education,201-1000,Europe,Organic,Business,Active,199.0,24,292,1364,0,0.0,0.0,597.0,2,Healthy Accounts
C00576,Company 576,SaaS,11-50,North America,Paid Search,Business,Active,199.0,1,10,29,1,3.0,0.0,1194.0,1,Growth Potential
C00577,Company 577,Education,1-10,Europe,Organic,Pro,Active,79.0,43,478,3187,7,3.7142857142857144,3.3333333333333335,2449.0,2,Healthy Accounts
C00578,Company 578,Manufacturing,1000+,Europe,Outbound,Enterprise,Active,599.0,24,188,1170,0,0.0,0.0,2396.0,0,Enterprise Value
C00579,Company 579,Manufacturing,11-50,North America,Paid Search,Starter,Active,29.0,1,8,43,2,1.0,1.5,290.0,1,Growth Potential
C00580,Company 580,SaaS,1-10,Asia-Pacific,Referral,Pro,Active,79.0,8,61,279,5,1.8,3.5,798.0,1,Growth Potential
C00581,Company 581,Manufacturing,1-10,Asia-Pacific,Partner,Free,Active,0.0,46,518,2693,3,1.3333333333333333,2.3333333333333335,0.0,2,Healthy Accounts
C00582,Company 582,Education,1000+,North America,Organic,Enterprise,Active,599.0,46,399,1989,3,4.0,3.3333333333333335,8979.0,0,Enterprise Value
C00583,Company 583,Media,51-200,North America,Partner,Pro,Active,79.0,40,404,2509,1,1.0,1.0,1975.0,2,Healthy Accounts
C00584,Company 584,Manufacturing,1-10,Asia-Pacific,Referral,Free,Active,0.0,15,81,191,3,2.6666666666666665,1.0,0.0,1,Growth Potential
C00585,Company 585,Healthcare,51-200,Europe,Paid Search,Business,Active,199.0,28,257,954,5,2.8,3.0,4179.0,2,Healthy Accounts
C00586,Company 586,Consulting,51-200,Europe,Outbound,Business,Active,199.0,27,206,917,2,4.0,3.5,3383.0,1,Growth Potential
C00587,Company 587,Education,11-50,Europe,Organic,Business,Active,199.0,44,357,1876,9,1.6666666666666667,2.7142857142857144,6766.0,2,Healthy Accounts
C00588,Company 588,Education,11-50,Asia-Pacific,Organic,Starter,Active,29.0,22,212,1425,4,2.0,2.0,406.0,2,Healthy Accounts
C00589,Company 589,Manufacturing,51-200,North America,Partner,Pro,Active,79.0,25,147,401,1,6.0,4.0,553.0,1,Growth Potential
C00590,Company 590,Finance,11-50,Asia-Pacific,Partner,Pro,Active,79.0,34,360,2049,3,2.0,3.0,948.0,2,Healthy Accounts
C00591,Company 591,Media,1000+,Europe,Paid Search,Enterprise,Active,599.0,22,233,1361,1,1.0,2.0,4792.0,0,Enterprise Value
C00592,Company 592,Healthcare,1-10,Asia-Pacific,Organic,Free,Active,0.0,11,102,584,1,8.0,1.0,0.0,1,Growth Potential
C00593,Company 593,Manufacturing,51-200,North America,Partner,Business,Active,199.0,38,356,1005,2,4.0,0.0,2189.0,2,Healthy Accounts
C00594,Company 594,Healthcare,1-10,North America,Referral,Starter,Active,29.0,1,11,43,2,2.5,3.5,290.0,1,Growth Potential
C00595,Company 595,Media,1-10,Asia-Pacific,Referral,Free,Active,0.0,2,12,66,5,2.4,2.25,0.0,1,Growth Potential
C00596,Company 596,Education,1-10,Europe,Organic,Free,Active,0.0,4,23,111,0,0.0,0.0,0.0,1,Growth Potential
C00597,Company 597,Finance,201-1000,North America,Organic,Business,Active,199.0,42,577,3155,4,3.5,2.5,2786.0,2,Healthy Accounts
C00598,Company 598,Finance,1-10,Asia-Pacific,Outbound,Starter,Active,29.0,15,157,682,3,1.3333333333333333,3.0,203.0,1,Growth Potential
C00599,Company 599,Education,11-50,Europe,Organic,Pro,Active,79.0,21,217,1132,3,2.3333333333333335,2.0,2028.0,1,Growth Potential
C00600,Company 600,SaaS,1-10,North America,Organic,Starter,Active,29.0,11,123,573,1,4.0,2.0,203.0,1,Growth Potential
C00601,Company 601,Media,51-200,Europe,Partner,Pro,Active,79.0,49,333,1556,3,2.6666666666666665,4.0,869.0,2,Healthy Accounts
C00602,Company 602,Consulting,11-50,Asia-Pacific,Paid Search,Pro,Active,79.0,19,185,779,1,1.0,4.0,553.0,1,Growth Potential
C00603,Company 603,SaaS,1-10,North America,Organic,Free,Active,0.0,9,83,474,0,0.0,0.0,0.0,1,Growth Potential
C00604,Company 604,Manufacturing,1-10,North America,Organic,Starter,Active,29.0,31,301,1199,0,0.0,0.0,87.0,2,Healthy Accounts
C00605,Company 605,Finance,1-10,North America,Organic,Free,Active,0.0,38,452,1741,0,0.0,0.0,0.0,2,Healthy Accounts
C00606,Company 606,Healthcare,51-200,Europe,Paid Search,Pro,Active,79.0,16,146,338,0,0.0,0.0,553.0,1,Growth Potential
C00607,Company 607,Education,1-10,Latin America,Organic,Pro,Active,79.0,8,22,52,0,0.0,0.0,1311.0,1,Growth Potential
C00608,Company 608,Retail,51-200,Europe,Referral,Pro,Active,79.0,16,166,1046,3,1.6666666666666667,1.5,2227.0,1,Growth Potential
C00609,Company 609,Consulting,1-10,North America,Organic,Free,Active,0.0,36,418,1625,0,0.0,0.0,0.0,2,Healthy Accounts
C00610,Company 610,Consulting,1-10,North America,Organic,Free,Active,0.0,46,476,2695,2,2.0,3.5,0.0,2,Healthy Accounts
C00611,Company 611,Finance,1-10,Europe,Referral,Free,Active,0.0,19,95,281,9,1.6666666666666667,3.0,0.0,1,Growth Potential
C00612,Company 612,Consulting,1-10,Asia-Pacific,Paid Search,Pro,Active,79.0,1,8,31,3,2.6666666666666665,3.5,1027.0,1,Growth Potential
C00613,Company 613,Healthcare,1-10,North America,Paid Search,Pro,Active,79.0,1,7,39,2,1.0,2.5,869.0,1,Growth Potential
C00614,Company 614,Retail,11-50,Europe,Paid Search,Business,Active,199.0,16,124,747,1,7.0,0.0,1592.0,1,Growth Potential
C00615,Company 615,SaaS,1-10,North America,Organic,Pro,Active,79.0,20,137,796,0,0.0,0.0,632.0,1,Growth Potential
C00616,Company 616,Media,1-10,Latin America,Organic,Starter,Active,29.0,26,134,471,0,0.0,0.0,116.0,1,Growth Potential
C00617,Company 617,Media,11-50,Latin America,Outbound,Starter,Active,29.0,18,143,1039,0,0.0,0.0,145.0,1,Growth Potential
C00618,Company 618,Retail,11-50,North America,Organic,Pro,Active,79.0,31,252,1011,4,6.25,4.0,1454.0,2,Healthy Accounts
C00619,Company 619,Healthcare,11-50,North America,Partner,Starter,Active,29.0,31,372,1253,1,2.0,3.0,174.0,2,Healthy Accounts
C00620,Company 620,Education,1-10,Asia-Pacific,Partner,Free,Active,0.0,35,294,851,2,1.5,2.0,0.0,2,Healthy Accounts
C00621,Company 621,Media,1-10,North America,Organic,Starter,Active,29.0,16,126,766,0,0.0,0.0,87.0,1,Growth Potential
C00622,Company 622,Finance,51-200,North America,Organic,Pro,Active,79.0,31,241,1182,4,5.0,2.5,711.0,2,Healthy Accounts
C00623,Company 623,Consulting,11-50,Asia-Pacific,Outbound,Starter,Active,29.0,21,141,949,1,11.0,3.0,145.0,1,Growth Potential
C00624,Company 624,Media,51-200,North America,Referral,Business,Active,199.0,10,97,443,1,2.0,1.0,1592.0,1,Growth Potential
C00625,Company 625,Finance,1-10,Latin America,Referral,Starter,Active,29.0,29,287,1507,2,4.0,3.0,290.0,2,Healthy Accounts
C00626,Company 626,Manufacturing,51-200,Asia-Pacific,Outbound,Enterprise,Active,599.0,34,290,2044,2,2.5,1.0,10782.0,0,Enterprise Value
C00627,Company 627,Consulting,11-50,North America,Paid Search,Starter,Active,29.0,40,436,2520,6,1.6666666666666667,2.75,493.0,2,Healthy Accounts
C00628,Company 628,Media,11-50,North America,Referral,Starter,Active,29.0,14,144,1042,3,3.6666666666666665,2.5,377.0,1,Growth Potential
C00629,Company 629,Consulting,51-200,Latin America,Organic,Pro,Active,79.0,4,52,284,3,1.0,5.0,790.0,1,Growth Potential
C00630,Company 630,Retail,1-10,North America,Outbound,Free,Active,0.0,35,324,959,1,1.0,5.0,0.0,2,Healthy Accounts
C00631,Company 631,Education,201-1000,North America,Referral,Enterprise,Active,599.0,7,63,184,2,2.5,2.0,4193.0,0,Enterprise Value
C00632,Company 632,Media,51-200,Europe,Organic,Business,Active,199.0,47,460,1372,4,1.25,3.25,2900.0,2,Healthy Accounts
C00633,Company 633,Media,1-10,Asia-Pacific,Organic,Pro,Active,79.0,15,151,524,2,2.5,2.5,158.0,1,Growth Potential
C00634,Company 634,Healthcare,201-1000,North America,Outbound,Business,Active,199.0,42,277,1303,0,0.0,0.0,199.0,2,Healthy Accounts
C00635,Company 635,SaaS,11-50,North America,Outbound,Business,Active,199.0,28,288,1581,4,3.5,2.0,4577.0,2,Healthy Accounts
C00636,Company 636,Consulting,51-200,North America,Organic,Business,Active,199.0,23,199,826,2,1.5,3.0,2189.0,1,Growth Potential
C00637,Company 637,Consulting,51-200,Europe,Organic,Business,Active,199.0,27,304,604,6,7.0,4.0,5373.0,2,Healthy Accounts
C00638,Company 638,Consulting,51-200,Europe,Organic,Enterprise,Active,599.0,22,198,862,2,5.5,2.5,14376.0,0,Enterprise Value
C00639,Company 639,Manufacturing,1000+,North America,Paid Search,Enterprise,Active,599.0,26,161,853,2,1.5,1.0,10782.0,0,Enterprise Value
C00640,Company 640,Retail,51-200,North America,Referral,Pro,Active,79.0,12,130,873,4,1.75,3.0,2054.0,1,Growth Potential
C00641,Company 641,Education,1-10,Asia-Pacific,Referral,Starter,Active,29.0,21,178,1111,4,3.5,2.0,464.0,1,Growth Potential
C00642,Company 642,Media,51-200,Europe,Organic,Business,Active,199.0,12,81,326,0,0.0,0.0,995.0,1,Growth Potential
C00643,Company 643,Healthcare,11-50,Europe,Organic,Starter,Active,29.0,28,202,716,3,1.3333333333333333,3.0,406.0,1,Growth Potential
C00644,Company 644,Retail,1-10,Europe,Referral,Pro,Active,79.0,7,86,458,1,1.0,1.0,632.0,1,Growth Potential
C00645,Company 645,Manufacturing,11-50,Europe,Paid Search,Starter,Active,29.0,2,19,98,2,1.0,3.0,261.0,1,Growth Potential
C00646,Company 646,Media,11-50,Europe,Referral,Starter,Active,29.0,1,7,38,4,3.0,2.0,1067.0,1,Growth Potential
C00647,Company 647,Manufacturing,11-50,Europe,Referral,Business,Active,199.0,9,62,354,2,2.0,3.5,2388.0,1,Growth Potential
C00648,Company 648,Finance,1-10,North America,Organic,Free,Active,0.0,17,121,640,1,1.0,4.0,0.0,1,Growth Potential
C00649,Company 649,Retail,51-200,Europe,Outbound,Business,Active,199.0,35,302,853,1,5.0,3.0,2145.0,2,Healthy Accounts
C00650,Company 650,Education,1-10,Asia-Pacific,Paid Search,Pro,Active,79.0,26,248,1388,3,2.3333333333333335,3.0,632.0,2,Healthy Accounts
C00651,Company 651,SaaS,51-200,Europe,Referral,Business,Active,199.0,20,184,769,1,3.0,2.0,2189.0,1,Growth Potential
C00652,Company 652,Media,1-10,Asia-Pacific,Paid Search,Free,Active,0.0,12,117,536,0,0.0,0.0,0.0,1,Growth Potential
C00653,Company 653,Consulting,11-50,Asia-Pacific,Referral,Starter,Active,29.0,3,30,119,1,1.0,4.0,87.0,1,Growth Potential
C00654,Company 654,Healthcare,11-50,North America,Outbound,Pro,Active,79.0,29,174,632,0,0.0,0.0,395.0,1,Growth Potential
C00655,Company 655,Healthcare,1-10,Latin America,Organic,Free,Active,0.0,14,163,908,2,2.0,3.5,0.0,1,Growth Potential
C00656,Company 656,Education,51-200,Asia-Pacific,Organic,Pro,Active,79.0,12,111,265,0,0.0,0.0,395.0,1,Growth Potential
C00657,Company 657,Manufacturing,11-50,North America,Outbound,Starter,Active,29.0,13,124,506,2,2.5,3.5,493.0,1,Growth Potential
C00658,Company 658,SaaS,11-50,Asia-Pacific,Organic,Pro,Active,79.0,26,183,790,9,2.6666666666666665,3.75,1541.0,1,Growth Potential
C00659,Company 659,Finance,11-50,Asia-Pacific,Organic,Starter,Active,29.0,23,179,1122,1,1.0,5.0,253.0,1,Growth Potential
C00660,Company 660,Healthcare,11-50,North America,Paid Search,Pro,Active,79.0,27,248,1215,2,1.0,2.0,1343.0,2,Healthy Accounts
C00661,Company 661,Consulting,11-50,North America,Partner,Pro,Active,79.0,64,656,4045,1,1.0,1.0,632.0,2,Healthy Accounts
C00662,Company 662,Healthcare,51-200,North America,Paid Search,Pro,Active,79.0,25,174,728,1,1.0,0.0,1106.0,1,Growth Potential
C00663,Company 663,Healthcare,1-10,Europe,Organic,Free,Active,0.0,21,194,836,5,1.6,2.75,0.0,1,Growth Potential
C00664,Company 664,Finance,11-50,North America,Referral,Starter,Active,29.0,30,458,1690,4,3.75,2.25,174.0,2,Healthy Accounts
C00665,Company 665,Consulting,51-200,North America,Paid Search,Pro,Active,79.0,7,88,430,4,2.0,4.5,1478.0,1,Growth Potential
C00666,Company 666,SaaS,11-50,Asia-Pacific,Referral,Pro,Active,79.0,7,50,350,0,0.0,0.0,79.0,1,Growth Potential
C00667,Company 667,Education,1-10,North America,Referral,Starter,Active,29.0,34,353,2637,1,2.0,4.0,145.0,2,Healthy Accounts
C00668,Company 668,Retail,1-10,North America,Organic,Free,Active,0.0,17,138,290,6,1.6666666666666667,2.0,0.0,1,Growth Potential
C00669,Company 669,Manufacturing,1-10,Europe,Organic,Pro,Active,79.0,21,169,566,3,1.0,4.0,1975.0,1,Growth Potential
C00670,Company 670,Manufacturing,11-50,Asia-Pacific,Partner,Business,Active,199.0,7,65,278,1,3.0,2.0,1791.0,1,Growth Potential
C00671,Company 671,Media,201-1000,North America,Partner,Business,Active,199.0,20,191,1107,2,3.5,3.5,3184.0,1,Growth Potential
C00672,Company 672,SaaS,51-200,Europe,Organic,Business,Active,199.0,21,281,1737,6,1.3333333333333333,1.4,6977.0,2,Healthy Accounts
C00673,Company 673,SaaS,1-10,North America,Referral,Starter,Active,29.0,11,92,439,3,4.0,4.0,1051.0,1,Growth Potential
C00674,Company 674,SaaS,51-200,Europe,Referral,Enterprise,Active,599.0,19,163,983,9,3.0,3.1666666666666665,11180.0,0,Enterprise Value
C00675,Company 675,Consulting,1-10,North America,Organic,Free,Active,0.0,18,195,656,7,3.4285714285714284,3.142857142857143,0.0,1,Growth Potential
C00676,Company 676,SaaS,11-50,North America,Organic,Pro,Active,79.0,3,35,139,4,1.75,2.0,1188.0,1,Growth Potential
C00677,Company 677,Healthcare,51-200,North America,Organic,Pro,Active,79.0,17,200,1537,9,4.0,3.6666666666666665,2083.0,2,Healthy Accounts
C00678,Company 678,Retail,11-50,North America,Referral,Starter,Active,29.0,28,189,613,2,2.0,4.0,1054.0,1,Growth Potential
C00679,Company 679,Retail,11-50,Asia-Pacific,Referral,Starter,Active,29.0,16,87,238,5,1.4,3.2,290.0,1,Growth Potential
C00680,Company 680,Healthcare,11-50,North America,Paid Search,Pro,Active,79.0,18,160,1119,1,1.0,0.0,237.0,1,Growth Potential
C00681,Company 681,Consulting,201-1000,North America,Referral,Business,Active,199.0,26,320,987,6,2.3333333333333335,2.6666666666666665,4179.0,2,Healthy Accounts
C00682,Company 682,Finance,1-10,Asia-Pacific,Organic,Starter,Active,29.0,13,88,336,0,0.0,0.0,87.0,1,Growth Potential
C00683,Company 683,Finance,1-10,Asia-Pacific,Organic,Free,Active,0.0,19,155,1053,3,1.6666666666666667,3.0,0.0,1,Growth Potential
C00684,Company 684,Consulting,201-1000,Latin America,Referral,Enterprise,Active,599.0,3,30,108,4,1.25,3.75,9584.0,0,Enterprise Value
C00685,Company 685,Healthcare,1-10,Asia-Pacific,Organic,Starter,Active,29.0,30,307,1900,3,7.666666666666667,4.0,406.0,2,Healthy Accounts
C00686,Company 686,Media,11-50,Asia-Pacific,Referral,Starter,Active,29.0,15,109,545,1,3.0,0.0,87.0,1,Growth Potential
C00687,Company 687,SaaS,201-1000,Asia-Pacific,Outbound,Business,Active,199.0,1,9,22,0,0.0,0.0,796.0,1,Growth Potential
C00688,Company 688,Retail,11-50,Asia-Pacific,Outbound,Business,Active,199.0,45,507,2419,1,1.0,5.0,2189.0,2,Healthy Accounts
C00689,Company 689,Finance,11-50,North America,Organic,Starter,Active,29.0,3,31,135,2,2.5,4.0,324.0,1,Growth Potential
C00690,Company 690,Consulting,1-10,Asia-Pacific,Paid Search,Starter,Active,29.0,30,279,821,1,3.0,2.0,174.0,2,Healthy Accounts
C00691,Company 691,SaaS,1-10,Latin America,Referral,Free,Active,0.0,12,95,528,4,1.5,3.5,0.0,1,Growth Potential
C00692,Company 692,Consulting,1-10,Asia-Pacific,Partner,Pro,Active,79.0,27,292,1140,1,2.0,3.0,395.0,2,Healthy Accounts
C00693,Company 693,Manufacturing,1-10,Europe,Paid Search,Pro,Active,79.0,11,107,586,2,1.0,4.5,395.0,1,Growth Potential
C00694,Company 694,Media,11-50,Europe,Paid Search,Starter,Active,29.0,46,440,2739,8,1.875,3.3333333333333335,1483.0,2,Healthy Accounts
C00695,Company 695,Education,1-10,Latin America,Organic,Free,Active,0.0,6,42,198,2,3.0,2.5,0.0,1,Growth Potential
C00696,Company 696,Finance,11-50,Europe,Referral,Pro,Active,79.0,6,56,341,0,0.0,0.0,158.0,1,Growth Potential
C00697,Company 697,Media,11-50,North America,Referral,Pro,Active,79.0,47,367,1379,6,2.1666666666666665,2.4,2607.0,2,Healthy Accounts
C00698,Company 698,Consulting,1-10,Asia-Pacific,Partner,Free,Active,0.0,13,104,596,2,2.0,0.0,0.0,1,Growth Potential
C00699,Company 699,Education,1-10,North America,Paid Search,Free,Active,0.0,27,121,303,1,1.0,3.0,0.0,1,Growth Potential
C00700,Company 700,Media,1-10,North America,Organic,Pro,Active,79.0,54,526,2460,0,0.0,0.0,5660.0,2,Healthy Accounts
C00701,Company 701,Consulting,1-10,North America,Paid Search,Free,Active,0.0,41,271,1486,0,0.0,0.0,0.0,2,Healthy Accounts
C00702,Company 702,Consulting,11-50,Asia-Pacific,Organic,Pro,Active,79.0,1,9,28,3,1.6666666666666667,4.333333333333333,711.0,1,Growth Potential
C00703,Company 703,SaaS,1-10,Asia-Pacific,Paid Search,Starter,Active,29.0,35,425,2137,2,2.0,4.5,319.0,2,Healthy Accounts
C00704,Company 704,Consulting,201-1000,Latin America,Paid Search,Business,Active,199.0,10,72,282,0,0.0,0.0,2189.0,1,Growth Potential
C00705,Company 705,Consulting,51-200,North America,Outbound,Business,Active,199.0,31,179,755,0,0.0,0.0,597.0,1,Growth Potential
C00706,Company 706,Consulting,51-200,North America,Paid Search,Pro,Active,79.0,15,139,597,6,2.1666666666666665,2.4,3020.0,1,Growth Potential
C00707,Company 707,Retail,1-10,Europe,Paid Search,Starter,Active,29.0,15,118,425,2,2.5,3.5,261.0,1,Growth Potential
C00708,Company 708,Healthcare,51-200,Europe,Organic,Enterprise,Active,599.0,20,148,832,3,2.3333333333333335,2.3333333333333335,5391.0,0,Enterprise Value
C00709,Company 709,Education,1-10,North America,Referral,Pro,Active,79.0,24,263,1511,3,6.333333333333333,4.0,1270.0,2,Healthy Accounts
C00710,Company 710,Education,1-10,Europe,Outbound,Free,Active,0.0,24,227,1168,1,8.0,2.0,0.0,1,Growth Potential
C00711,Company 711,Finance,51-200,Asia-Pacific,Organic,Pro,Active,79.0,31,341,662,1,1.0,0.0,395.0,2,Healthy Accounts
C00712,Company 712,Healthcare,11-50,Latin America,Referral,Starter,Active,29.0,5,43,9,1,2.0,2.0,203.0,1,Growth Potential
C00713,Company 713,Media,11-50,Asia-Pacific,Organic,Pro,Active,79.0,29,232,539,1,1.0,2.0,316.0,1,Growth Potential
C00714,Company 714,Healthcare,201-1000,Europe,Outbound,Enterprise,Active,599.0,12,107,301,1,1.0,0.0,13178.0,0,Enterprise Value
C00715,Company 715,Media,51-200,Europe,Organic,Business,Active,199.0,18,134,544,3,2.3333333333333335,4.0,2786.0,1,Growth Potential
C00716,Company 716,Education,11-50,North America,Paid Search,Pro,Active,79.0,25,250,1301,0,0.0,0.0,869.0,2,Healthy Accounts
C00717,Company 717,Healthcare,1000+,North America,Paid Search,Business,Active,199.0,12,100,265,0,0.0,0.0,398.0,1,Growth Potential
C00718,Company 718,Manufacturing,1-10,Europe,Referral,Free,Active,0.0,1,6,28,2,1.5,3.0,0.0,1,Growth Potential
C00719,Company 719,Retail,1-10,Europe,Referral,Starter,Active,29.0,15,130,774,0,0.0,0.0,145.0,1,Growth Potential
C00720,Company 720,Healthcare,1000+,Europe,Referral,Enterprise,Active,599.0,27,238,1950,2,3.5,5.0,5391.0,0,Enterprise Value
C00721,Company 721,Consulting,51-200,Europe,Referral,Business,Active,199.0,36,292,1143,0,0.0,0.0,1592.0,2,Healthy Accounts
C00722,Company 722,Retail,51-200,Asia-Pacific,Outbound,Pro,Active,79.0,12,126,816,2,3.0,2.0,237.0,1,Growth Potential
C00723,Company 723,SaaS,51-200,North America,Paid Search,Pro,Active,79.0,31,313,1598,7,2.0,2.5,2449.0,2,Healthy Accounts
C00724,Company 724,Healthcare,51-200,Latin America,Organic,Business,Active,199.0,15,106,581,4,2.25,3.0,3383.0,1,Growth Potential
C00725,Company 725,Retail,1-10,North America,Organic,Free,Active,0.0,42,342,2284,5,5.8,3.6,0.0,2,Healthy Accounts
C00726,Company 726,Education,11-50,Asia-Pacific,Paid Search,Starter,Active,29.0,15,166,1176,2,1.0,3.0,261.0,1,Growth Potential
C00727,Company 727,Retail,1-10,Europe,Outbound,Free,Active,0.0,9,88,619,7,1.5714285714285714,2.857142857142857,0.0,1,Growth Potential
C00728,Company 728,Manufacturing,201-1000,Latin America,Paid Search,Enterprise,Active,599.0,22,184,467,5,2.8,3.0,11576.0,0,Enterprise Value
C00729,Company 729,Consulting,1-10,Asia-Pacific,Organic,Starter,Active,29.0,39,419,1715,0,0.0,0.0,232.0,2,Healthy Accounts
C00730,Company 730,Education,51-200,Asia-Pacific,Paid Search,Pro,Active,79.0,1,6,22,1,1.0,1.0,237.0,1,Growth Potential
C00731,Company 731,Finance,1-10,North America,Organic,Starter,Active,29.0,20,261,1619,4,2.25,2.0,1526.0,2,Healthy Accounts
C00732,Company 732,SaaS,51-200,Europe,Organic,Enterprise,Active,599.0,31,269,1950,3,1.3333333333333333,5.0,11381.0,0,Enterprise Value
C00733,Company 733,Retail,1-10,North America,Referral,Starter,Active,29.0,25,241,1556,1,4.0,3.0,116.0,2,Healthy Accounts
C00734,Company 734,Healthcare,51-200,Latin America,Organic,Business,Active,199.0,49,382,2288,1,2.0,2.0,3980.0,2,Healthy Accounts
C00735,Company 735,Retail,51-200,Europe,Referral,Pro,Active,79.0,11,120,427,2,3.0,5.0,948.0,1,Growth Potential
C00736,Company 736,Education,1-10,Latin America,Referral,Starter,Active,29.0,11,90,549,0,0.0,0.0,29.0,1,Growth Potential
C00737,Company 737,Media,1-10,Europe,Paid Search,Pro,Active,79.0,1,11,40,0,0.0,0.0,316.0,1,Growth Potential
C00738,Company 738,Education,1-10,Europe,Organic,Free,Active,0.0,27,315,1420,2,1.0,1.0,0.0,2,Healthy Accounts
C00739,Company 739,Consulting,11-50,Latin America,Organic,Business,Active,199.0,1,7,26,5,2.8,2.8,5727.0,1,Growth Potential
C00740,Company 740,Education,1-10,Asia-Pacific,Organic,Free,Active,0.0,24,235,1171,1,2.0,4.0,0.0,1,Growth Potential
C00741,Company 741,Manufacturing,201-1000,North America,Referral,Enterprise,Active,599.0,51,375,2977,3,2.3333333333333335,2.6666666666666665,17371.0,0,Enterprise Value
C00742,Company 742,Retail,11-50,North America,Paid Search,Starter,Active,29.0,41,258,1523,0,0.0,0.0,58.0,2,Healthy Accounts
C00743,Company 743,Consulting,51-200,Europe,Paid Search,Business,Active,199.0,16,149,644,2,1.5,0.0,2587.0,1,Growth Potential
C00744,Company 744,Finance,201-1000,Latin America,Organic,Business,Active,199.0,11,125,700,2,1.5,3.5,4776.0,1,Growth Potential
C00745,Company 745,SaaS,1000+,Europe,Outbound,Enterprise,Active,599.0,31,147,173,3,3.6666666666666665,2.5,13178.0,0,Enterprise Value
C00746,Company 746,Media,51-200,Asia-Pacific,Outbound,Pro,Active,79.0,24,285,1171,2,2.5,3.5,632.0,2,Healthy Accounts
C00747,Company 747,Media,11-50,Europe,Referral,Pro,Active,79.0,22,254,920,3,1.6666666666666667,3.3333333333333335,632.0,1,Growth Potential
C00748,Company 748,Consulting,51-200,Europe,Organic,Enterprise,Active,599.0,27,211,824,10,1.9,3.125,19168.0,0,Enterprise Value
C00749,Company 749,Retail,1-10,Europe,Organic,Starter,Active,29.0,45,375,1714,2,2.5,5.0,609.0,2,Healthy Accounts
C00750,Company 750,Consulting,201-1000,Europe,Paid Search,Enterprise,Active,599.0,32,282,1773,2,2.5,5.0,2396.0,0,Enterprise Value
C00751,Company 751,Finance,1-10,Europe,Paid Search,Pro,Active,79.0,47,391,2581,6,3.3333333333333335,3.2,2528.0,2,Healthy Accounts
C00752,Company 752,Finance,51-200,North America,Referral,Pro,Active,79.0,1,6,30,0,0.0,0.0,237.0,1,Growth Potential
C00753,Company 753,Retail,1-10,Europe,Outbound,Starter,Active,29.0,29,169,764,4,1.75,3.0,435.0,1,Growth Potential
C00754,Company 754,Media,51-200,Asia-Pacific,Paid Search,Enterprise,Active,599.0,3,20,122,3,1.6666666666666667,4.0,19168.0,0,Enterprise Value
C00755,Company 755,Healthcare,11-50,Asia-Pacific,Paid Search,Pro,Active,79.0,17,117,505,3,3.3333333333333335,1.0,1264.0,1,Growth Potential
C00756,Company 756,Manufacturing,1000+,Latin America,Organic,Business,Active,199.0,19,142,282,2,3.5,2.0,2189.0,1,Growth Potential
C00757,Company 757,Finance,11-50,North America,Paid Search,Pro,Active,79.0,6,68,420,4,4.0,3.0,632.0,1,Growth Potential
C00758,Company 758,Retail,11-50,North America,Partner,Pro,Active,79.0,29,310,1593,5,1.4,3.3333333333333335,948.0,2,Healthy Accounts
C00759,Company 759,Healthcare,1-10,North America,Partner,Free,Active,0.0,37,296,1491,4,1.5,3.0,0.0,2,Healthy Accounts
C00760,Company 760,Finance,11-50,North America,Organic,Pro,Active,79.0,21,239,1442,2,2.0,4.5,316.0,2,Healthy Accounts
C00761,Company 761,Consulting,201-1000,Europe,Partner,Business,Active,199.0,6,57,224,1,5.0,1.0,6368.0,1,Growth Potential
C00762,Company 762,Finance,1-10,North America,Organic,Free,Active,0.0,21,172,783,0,0.0,0.0,0.0,1,Growth Potential
C00763,Company 763,Education,201-1000,North America,Paid Search,Business,Active,199.0,16,129,596,3,4.0,2.5,6169.0,1,Growth Potential
C00764,Company 764,Consulting,201-1000,North America,Organic,Enterprise,Active,599.0,18,111,209,2,5.0,5.0,9584.0,0,Enterprise Value
C00765,Company 765,Manufacturing,51-200,Asia-Pacific,Organic,Business,Active,199.0,30,290,1114,1,1.0,1.0,1592.0,2,Healthy Accounts
C00766,Company 766,Education,1-10,Europe,Organic,Starter,Active,29.0,17,138,527,3,3.3333333333333335,2.3333333333333335,174.0,1,Growth Potential
C00767,Company 767,Manufacturing,1-10,Asia-Pacific,Paid Search,Pro,Active,79.0,13,117,563,0,0.0,0.0,316.0,1,Growth Potential
C00768,Company 768,Consulting,11-50,Europe,Outbound,Starter,Active,29.0,49,531,2465,3,2.3333333333333335,2.5,1117.0,2,Healthy Accounts
C00769,Company 769,Retail,51-200,Asia-Pacific,Organic,Pro,Active,79.0,29,213,1486,4,1.5,1.0,2335.0,2,Healthy Accounts
C00770,Company 770,Finance,201-1000,Asia-Pacific,Organic,Business,Active,199.0,19,123,649,3,3.0,3.6666666666666665,3980.0,1,Growth Potential
C00771,Company 771,Media,201-1000,Asia-Pacific,Referral,Business,Active,199.0,31,256,778,1,3.0,4.0,1592.0,2,Healthy Accounts
C00772,Company 772,Consulting,201-1000,Europe,Paid Search,Enterprise,Active,599.0,22,239,1106,8,2.5,3.0,14376.0,0,Enterprise Value
C00773,Company 773,Retail,11-50,North America,Organic,Starter,Active,29.0,37,306,1823,1,1.0,2.0,87.0,2,Healthy Accounts
C00774,Company 774,SaaS,11-50,Europe,Paid Search,Pro,Active,79.0,16,190,695,4,2.75,1.6666666666666667,1185.0,1,Growth Potential
C00775,Company 775,Healthcare,51-200,North America,Organic,Pro,Active,79.0,5,35,250,1,1.0,5.0,869.0,1,Growth Potential
C00776,Company 776,Manufacturing,51-200,North America,Paid Search,Pro,Active,79.0,34,309,2317,0,0.0,0.0,316.0,2,Healthy Accounts
C00777,Company 777,Education,1-10,North America,Organic,Free,Active,0.0,32,287,1697,1,2.0,3.0,0.0,2,Healthy Accounts
C00778,Company 778,Media,11-50,Europe,Outbound,Starter,Active,29.0,2,15,38,0,0.0,0.0,145.0,1,Growth Potential
C00779,Company 779,Manufacturing,201-1000,North America,Organic,Business,Active,199.0,38,342,3524,0,0.0,0.0,199.0,2,Healthy Accounts
C00780,Company 780,Retail,51-200,Europe,Organic,Pro,Active,79.0,30,338,1611,1,2.0,4.0,316.0,2,Healthy Accounts
C00781,Company 781,Finance,11-50,Europe,Paid Search,Starter,Active,29.0,11,93,649,1,1.0,5.0,58.0,1,Growth Potential
C00782,Company 782,Media,1000+,North America,Organic,Business,Active,199.0,14,110,792,0,0.0,0.0,1393.0,1,Growth Potential
C00783,Company 783,SaaS,11-50,Europe,Paid Search,Pro,Active,79.0,48,409,2842,2,2.5,3.0,403.0,2,Healthy Accounts
C00784,Company 784,Retail,11-50,North America,Organic,Starter,Active,29.0,33,356,1453,1,1.0,5.0,116.0,2,Healthy Accounts
C00785,Company 785,Finance,1-10,Europe,Referral,Free,Active,0.0,30,361,2140,0,0.0,0.0,0.0,2,Healthy Accounts
C00786,Company 786,Consulting,51-200,Europe,Referral,Enterprise,Active,599.0,24,178,925,2,2.0,4.0,2396.0,0,Enterprise Value
C00787,Company 787,Media,1-10,North America,Organic,Free,Active,0.0,19,166,1006,0,0.0,0.0,0.0,1,Growth Potential
C00788,Company 788,Healthcare,1-10,Europe,Referral,Free,Active,0.0,1,5,22,1,1.0,4.0,0.0,1,Growth Potential
C00789,Company 789,Healthcare,201-1000,North America,Organic,Enterprise,Active,599.0,1,10,63,3,4.0,2.5,14376.0,0,Enterprise Value
C00790,Company 790,SaaS,11-50,Asia-Pacific,Paid Search,Pro,Active,79.0,23,251,1017,3,2.3333333333333335,2.3333333333333335,1093.0,1,Growth Potential
C00791,Company 791,Consulting,201-1000,Asia-Pacific,Organic,Enterprise,Active,599.0,12,81,323,6,1.5,2.75,11980.0,0,Enterprise Value
C00792,Company 792,Healthcare,1-10,Asia-Pacific,Paid Search,Starter,Active,29.0,14,166,1039,4,1.25,4.333333333333333,696.0,1,Growth Potential
C00793,Company 793,Healthcare,51-200,Asia-Pacific,Paid Search,Business,Active,199.0,1,9,23,3,4.0,3.0,1788.0,1,Growth Potential
C00794,Company 794,Finance,201-1000,North America,Referral,Business,Active,199.0,25,172,1011,0,0.0,0.0,1990.0,1,Growth Potential
C00795,Company 795,Media,1-10,Asia-Pacific,Organic,Free,Active,0.0,38,271,1790,11,2.6363636363636362,2.5,0.0,2,Healthy Accounts
C00796,Company 796,SaaS,1-10,Asia-Pacific,Partner,Pro,Active,79.0,1,11,60,0,0.0,0.0,79.0,1,Growth Potential
C00797,Company 797,Consulting,11-50,Europe,Organic,Starter,Active,29.0,50,387,1718,5,1.6,4.0,2157.0,2,Healthy Accounts
C00798,Company 798,Media,201-1000,Europe,Outbound,Business,Active,199.0,11,45,188,3,2.0,4.5,2189.0,1,Growth Potential
C00799,Company 799,Media,201-1000,North America,Referral,Enterprise,Active,599.0,4,29,102,2,4.5,1.0,1797.0,0,Enterprise Value
C00800,Company 800,Finance,51-200,Europe,Paid Search,Pro,Active,79.0,41,211,1251,5,2.6,3.0,1422.0,2,Healthy Accounts
C00801,Company 801,Finance,11-50,North America,Organic,Pro,Active,79.0,23,192,706,1,1.0,5.0,711.0,1,Growth Potential
C00802,Company 802,SaaS,1-10,Europe,Organic,Pro,Active,79.0,1,6,31,4,2.75,2.0,1422.0,1,Growth Potential
C00803,Company 803,Education,11-50,Europe,Paid Search,Starter,Active,29.0,32,339,1792,1,2.0,0.0,435.0,2,Healthy Accounts
C00804,Company 804,Media,11-50,Europe,Organic,Pro,Active,79.0,4,46,167,2,2.5,4.5,1422.0,1,Growth Potential
C00805,Company 805,Manufacturing,1-10,Europe,Paid Search,Free,Active,0.0,32,374,1934,3,3.6666666666666665,4.0,0.0,2,Healthy Accounts
C00806,Company 806,Consulting,51-200,North America,Paid Search,Business,Active,199.0,2,16,24,1,5.0,4.0,796.0,1,Growth Potential
C00807,Company 807,Manufacturing,1-10,Asia-Pacific,Organic,Free,Active,0.0,5,37,210,0,0.0,0.0,0.0,1,Growth Potential
C00808,Company 808,Finance,51-200,Asia-Pacific,Outbound,Pro,Active,79.0,17,126,893,1,1.0,0.0,474.0,1,Growth Potential
C00809,Company 809,Finance,51-200,North America,Partner,Business,Active,199.0,6,38,197,3,1.0,2.3333333333333335,1990.0,1,Growth Potential
C00810,Company 810,SaaS,51-200,North America,Outbound,Business,Active,199.0,41,365,2587,5,1.2,2.6666666666666665,6766.0,2,Healthy Accounts
C00811,Company 811,Consulting,51-200,Latin America,Outbound,Enterprise,Active,599.0,12,106,427,1,1.0,1.0,4193.0,0,Enterprise Value
C00812,Company 812,Manufacturing,1-10,North America,Organic,Starter,Active,29.0,30,315,1543,5,2.6,2.4,435.0,2,Healthy Accounts
C00813,Company 813,Media,51-200,Europe,Partner,Business,Active,199.0,26,230,916,0,0.0,0.0,199.0,1,Growth Potential
C00814,Company 814,SaaS,1-10,Latin America,Partner,Starter,Active,29.0,46,359,2321,3,1.6666666666666667,3.5,667.0,2,Healthy Accounts
C00815,Company 815,Education,51-200,Asia-Pacific,Paid Search,Enterprise,Active,599.0,29,203,978,1,1.0,1.0,1198.0,0,Enterprise Value
C00816,Company 816,Education,1-10,Europe,Organic,Starter,Active,29.0,24,227,1166,2,1.0,4.0,261.0,1,Growth Potential
C00817,Company 817,Healthcare,11-50,North America,Referral,Starter,Active,29.0,10,129,677,0,0.0,0.0,232.0,1,Growth Potential
C00818,Company 818,Media,51-200,North America,Paid Search,Pro,Active,79.0,22,175,962,3,3.3333333333333335,3.6666666666666665,948.0,1,Growth Potential
C00819,Company 819,Finance,11-50,Asia-Pacific,Referral,Starter,Active,29.0,35,382,1958,0,0.0,0.0,464.0,2,Healthy Accounts
C00820,Company 820,Manufacturing,51-200,North America,Paid Search,Business,Active,199.0,8,49,244,4,3.0,3.5,2985.0,1,Growth Potential
C00821,Company 821,Consulting,1-10,Latin America,Partner,Free,Active,0.0,1,9,35,0,0.0,0.0,0.0,1,Growth Potential
C00822,Company 822,Finance,1-10,Europe,Paid Search,Free,Active,0.0,16,179,1151,1,5.0,3.0,0.0,1,Growth Potential
C00823,Company 823,Retail,1-10,Asia-Pacific,Partner,Free,Active,0.0,11,80,324,2,1.0,3.0,0.0,1,Growth Potential
C00824,Company 824,Consulting,51-200,Asia-Pacific,Partner,Enterprise,Active,599.0,21,135,564,4,2.5,3.25,8386.0,0,Enterprise Value
C00825,Company 825,Consulting,1000+,Asia-Pacific,Paid Search,Enterprise,Active,599.0,42,409,3170,5,4.2,1.3333333333333333,19168.0,0,Enterprise Value
C00826,Company 826,Media,11-50,Europe,Organic,Starter,Active,29.0,1,9,55,3,3.3333333333333335,3.3333333333333335,522.0,1,Growth Potential
C00827,Company 827,Manufacturing,51-200,North America,Organic,Business,Active,199.0,26,233,1253,5,2.2,4.0,1393.0,2,Healthy Accounts
C00828,Company 828,Retail,11-50,North America,Organic,Pro,Active,79.0,21,159,1057,13,3.1538461538461537,2.8333333333333335,2133.0,2,Healthy Accounts
C00829,Company 829,Manufacturing,11-50,North America,Referral,Starter,Active,29.0,38,355,2453,8,2.25,4.142857142857143,3446.0,2,Healthy Accounts
C00830,Company 830,Retail,11-50,North America,Paid Search,Starter,Active,29.0,10,94,483,4,1.0,3.5,609.0,1,Growth Potential
C00831,Company 831,Education,11-50,Asia-Pacific,Organic,Business,Active,199.0,14,138,742,8,2.75,4.0,4378.0,1,Growth Potential
C00832,Company 832,Manufacturing,1-10,North America,Outbound,Free,Active,0.0,4,41,256,1,4.0,0.0,0.0,1,Growth Potential
C00833,Company 833,Consulting,1-10,Europe,Organic,Starter,Active,29.0,42,484,1927,3,1.0,3.0,1009.0,2,Healthy Accounts
C00834,Company 834,Manufacturing,201-1000,Europe,Paid Search,Business,Active,199.0,24,223,1856,4,6.0,2.25,1592.0,2,Healthy Accounts
C00835,Company 835,Retail,11-50,North America,Partner,Business,Active,199.0,1,5,30,4,1.25,3.0,4179.0,1,Growth Potential
C00836,Company 836,Consulting,1-10,Latin America,Outbound,Pro,Active,79.0,21,143,614,3,2.0,1.6666666666666667,711.0,1,Growth Potential
C00837,Company 837,Healthcare,11-50,Europe,Paid Search,Pro,Active,79.0,12,89,686,5,2.4,2.5,1630.0,1,Growth Potential
C00838,Company 838,SaaS,51-200,North America,Paid Search,Business,Active,199.0,50,476,2509,6,1.1666666666666667,2.6666666666666665,2938.0,2,Healthy Accounts
C00839,Company 839,Manufacturing,11-50,Europe,Organic,Business,Active,199.0,53,596,2740,4,3.25,4.25,9781.0,2,Healthy Accounts
C00840,Company 840,Retail,1-10,Europe,Organic,Starter,Active,29.0,31,297,1506,0,0.0,0.0,174.0,2,Healthy Accounts
C00841,Company 841,Education,11-50,North America,Paid Search,Business,Active,199.0,12,132,767,2,3.5,1.0,1990.0,1,Growth Potential
C00842,Company 842,Consulting,11-50,North America,Paid Search,Starter,Active,29.0,35,289,1395,0,0.0,0.0,377.0,2,Healthy Accounts
C00843,Company 843,Finance,1000+,Asia-Pacific,Referral,Enterprise,Active,599.0,48,598,2324,7,2.142857142857143,2.6666666666666665,10782.0,0,Enterprise Value
C00844,Company 844,Education,11-50,North America,Outbound,Pro,Active,79.0,14,172,1076,6,2.8333333333333335,3.4,2663.0,1,Growth Potential
C00845,Company 845,Media,11-50,Europe,Organic,Pro,Active,79.0,22,149,683,0,0.0,0.0,158.0,1,Growth Potential
C00846,Company 846,Consulting,11-50,North America,Organic,Business,Active,199.0,6,54,60,1,1.0,1.0,796.0,1,Growth Potential
C00847,Company 847,SaaS,11-50,North America,Referral,Pro,Active,79.0,28,201,747,3,2.3333333333333335,1.5,1662.0,1,Growth Potential
C00848,Company 848,Consulting,11-50,Asia-Pacific,Referral,Pro,Active,79.0,13,140,726,2,2.0,3.0,1229.0,1,Growth Potential
C00849,Company 849,Retail,11-50,North America,Paid Search,Starter,Active,29.0,1,10,65,1,4.0,0.0,232.0,1,Growth Potential
C00850,Company 850,Education,1-10,Europe,Outbound,Starter,Active,29.0,17,100,347,0,0.0,0.0,87.0,1,Growth Potential
C00851,Company 851,Manufacturing,1000+,Europe,Organic,Enterprise,Active,599.0,13,118,853,0,0.0,0.0,1797.0,0,Enterprise Value
C00852,Company 852,Finance,51-200,North America,Paid Search,Pro,Active,79.0,20,192,925,2,1.0,5.0,632.0,1,Growth Potential
C00853,Company 853,Healthcare,11-50,Europe,Partner,Starter,Active,29.0,15,151,674,1,2.0,4.0,377.0,1,Growth Potential
C00854,Company 854,Media,11-50,Asia-Pacific,Referral,Pro,Active,79.0,27,274,1596,0,0.0,0.0,316.0,2,Healthy Accounts
C00855,Company 855,Manufacturing,1-10,North America,Organic,Free,Active,0.0,6,51,227,3,2.6666666666666665,5.0,0.0,1,Growth Potential
C00856,Company 856,Media,51-200,North America,Referral,Business,Active,199.0,1,8,48,1,3.0,1.0,1393.0,1,Growth Potential
C00857,Company 857,Consulting,51-200,North America,Partner,Business,Active,199.0,14,118,713,1,1.0,5.0,796.0,1,Growth Potential
C00858,Company 858,Education,201-1000,Europe,Organic,Business,Active,199.0,34,191,1132,2,1.0,1.5,5572.0,2,Healthy Accounts
C00859,Company 859,Finance,1-10,North America,Paid Search,Pro,Active,79.0,23,136,639,0,0.0,0.0,316.0,1,Growth Potential
C00860,Company 860,Media,11-50,Europe,Organic,Starter,Active,29.0,34,281,1057,2,2.0,1.5,290.0,2,Healthy Accounts
C00861,Company 861,Finance,1-10,Europe,Referral,Free,Active,0.0,28,204,1054,0,0.0,0.0,0.0,1,Growth Potential
C00862,Company 862,Retail,1-10,Europe,Organic,Free,Active,0.0,21,181,1429,1,1.0,5.0,0.0,1,Growth Potential
C00863,Company 863,SaaS,1-10,North America,Outbound,Starter,Active,29.0,32,351,1172,0,0.0,0.0,116.0,2,Healthy Accounts
C00864,Company 864,Consulting,201-1000,Europe,Organic,Enterprise,Active,599.0,49,496,2365,2,2.5,2.5,10782.0,0,Enterprise Value
C00865,Company 865,Healthcare,11-50,Europe,Organic,Pro,Active,79.0,34,296,1479,0,0.0,0.0,474.0,2,Healthy Accounts
C00866,Company 866,Media,51-200,Europe,Referral,Business,Active,199.0,12,111,237,0,0.0,0.0,199.0,1,Growth Potential
C00867,Company 867,Education,1-10,Asia-Pacific,Organic,Free,Active,0.0,31,254,1419,3,1.3333333333333333,3.5,0.0,2,Healthy Accounts
C00868,Company 868,Healthcare,1-10,North America,Paid Search,Free,Active,0.0,25,217,902,0,0.0,0.0,0.0,1,Growth Potential
C00869,Company 869,Healthcare,11-50,North America,Referral,Business,Active,199.0,29,105,419,3,3.0,2.5,995.0,1,Growth Potential
C00870,Company 870,Consulting,11-50,Latin America,Referral,Pro,Active,79.0,2,10,45,0,0.0,0.0,316.0,1,Growth Potential
C00871,Company 871,Retail,1-10,Europe,Referral,Free,Active,0.0,33,182,973,5,1.0,2.6666666666666665,0.0,2,Healthy Accounts
C00872,Company 872,Media,11-50,North America,Organic,Business,Active,199.0,30,402,2444,5,2.2,2.8,3781.0,2,Healthy Accounts
C00873,Company 873,Media,51-200,North America,Referral,Business,Active,199.0,4,33,126,4,3.5,3.0,5970.0,1,Growth Potential
C00874,Company 874,Retail,11-50,North America,Organic,Starter,Active,29.0,47,497,2142,0,0.0,0.0,29.0,2,Healthy Accounts
C00875,Company 875,Finance,51-200,North America,Paid Search,Business,Active,199.0,11,122,727,0,0.0,0.0,1194.0,1,Growth Potential
C00876,Company 876,Consulting,1-10,North America,Paid Search,Free,Active,0.0,1,9,44,0,0.0,0.0,0.0,1,Growth Potential
C00877,Company 877,SaaS,1-10,Latin America,Organic,Starter,Active,29.0,51,457,1828,0,0.0,0.0,174.0,2,Healthy Accounts
C00878,Company 878,Retail,1-10,North America,Organic,Starter,Active,29.0,27,297,1977,1,1.0,4.0,253.0,2,Healthy Accounts
C00879,Company 879,Healthcare,51-200,North America,Organic,Pro,Active,79.0,29,189,697,4,2.0,4.333333333333333,948.0,1,Growth Potential
C00880,Company 880,Consulting,11-50,Latin America,Organic,Business,Active,199.0,14,107,397,2,1.0,4.0,796.0,1,Growth Potential
C00881,Company 881,Finance,51-200,Asia-Pacific,Organic,Business,Active,199.0,10,82,391,8,2.25,2.5,5174.0,1,Growth Potential
C00882,Company 882,Finance,1-10,Europe,Outbound,Free,Active,0.0,1,7,48,3,1.6666666666666667,2.6666666666666665,0.0,1,Growth Potential
C00883,Company 883,Media,1-10,Asia-Pacific,Outbound,Free,Active,0.0,22,235,982,7,2.2857142857142856,2.4,0.0,2,Healthy Accounts
C00884,Company 884,Media,1000+,Asia-Pacific,Referral,Enterprise,Active,599.0,16,156,696,2,1.0,2.0,4193.0,0,Enterprise Value
C00885,Company 885,Education,1-10,Europe,Partner,Pro,Active,79.0,1,10,55,1,1.0,4.0,1488.0,1,Growth Potential
C00886,Company 886,Consulting,11-50,North America,Partner,Pro,Active,79.0,36,138,942,3,1.0,3.0,785.0,1,Growth Potential
C00887,Company 887,SaaS,201-1000,Asia-Pacific,Organic,Business,Active,199.0,24,218,674,0,0.0,0.0,199.0,1,Growth Potential
C00888,Company 888,Retail,1-10,North America,Paid Search,Starter,Active,29.0,1,9,69,2,1.0,2.0,348.0,1,Growth Potential
C00889,Company 889,Finance,201-1000,North America,Organic,Business,Active,199.0,14,123,867,3,2.6666666666666665,4.666666666666667,1393.0,1,Growth Potential
C00890,Company 890,Retail,11-50,Europe,Organic,Business,Active,199.0,24,282,1850,0,0.0,0.0,1990.0,2,Healthy Accounts
C00891,Company 891,SaaS,51-200,Europe,Organic,Business,Active,199.0,25,217,1550,0,0.0,0.0,995.0,2,Healthy Accounts
C00892,Company 892,Finance,51-200,North America,Organic,Pro,Active,79.0,18,134,1096,1,2.0,2.0,237.0,1,Growth Potential
C00893,Company 893,SaaS,1-10,North America,Referral,Pro,Active,79.0,20,232,938,8,1.75,2.6666666666666665,975.0,1,Growth Potential
C00894,Company 894,Healthcare,51-200,Europe,Outbound,Business,Active,199.0,9,60,312,3,1.3333333333333333,3.6666666666666665,2985.0,1,Growth Potential
C00895,Company 895,Manufacturing,1000+,Asia-Pacific,Outbound,Business,Active,199.0,2,15,75,4,1.5,2.6666666666666665,1393.0,1,Growth Potential
C00896,Company 896,Media,51-200,North America,Organic,Pro,Active,79.0,29,139,731,1,2.0,0.0,395.0,1,Growth Potential
C00897,Company 897,Consulting,1-10,Europe,Organic,Starter,Active,29.0,10,72,259,1,6.0,5.0,116.0,1,Growth Potential
C00898,Company 898,Manufacturing,1-10,North America,Organic,Free,Active,0.0,40,419,1859,1,2.0,4.0,0.0,2,Healthy Accounts
C00899,Company 899,Healthcare,1-10,North America,Outbound,Starter,Active,29.0,19,213,898,7,1.8571428571428572,2.0,1067.0,1,Growth Potential
C00900,Company 900,Manufacturing,11-50,Europe,Outbound,Business,Active,199.0,11,69,237,0,0.0,0.0,398.0,1,Growth Potential
C00901,Company 901,SaaS,11-50,Europe,Organic,Business,Active,199.0,1,8,31,3,1.0,1.3333333333333333,1990.0,1,Growth Potential
C00902,Company 902,Finance,51-200,Europe,Organic,Enterprise,Active,599.0,20,186,997,3,5.666666666666667,2.5,4792.0,0,Enterprise Value
C00903,Company 903,Healthcare,1-10,Europe,Referral,Free,Active,0.0,24,171,725,0,0.0,0.0,0.0,1,Growth Potential
C00904,Company 904,Finance,11-50,Europe,Organic,Pro,Active,79.0,34,343,2183,1,1.0,5.0,395.0,2,Healthy Accounts
C00905,Company 905,Healthcare,1-10,Asia-Pacific,Partner,Free,Active,0.0,44,413,2851,3,1.3333333333333333,2.6666666666666665,0.0,2,Healthy Accounts
C00906,Company 906,SaaS,1-10,Europe,Organic,Free,Active,0.0,20,167,477,3,1.6666666666666667,1.6666666666666667,0.0,1,Growth Potential
C00907,Company 907,Retail,51-200,North America,Paid Search,Business,Active,199.0,41,341,1608,2,6.0,1.5,1990.0,2,Healthy Accounts
C00908,Company 908,Education,11-50,Europe,Organic,Starter,Active,29.0,26,205,1200,7,2.2857142857142856,3.142857142857143,870.0,2,Healthy Accounts
C00909,Company 909,Manufacturing,11-50,Europe,Referral,Pro,Active,79.0,25,269,1140,3,1.3333333333333333,2.5,632.0,2,Healthy Accounts
C00910,Company 910,SaaS,51-200,Asia-Pacific,Outbound,Enterprise,Active,599.0,38,348,2266,3,2.0,3.5,8981.0,0,Enterprise Value
C00911,Company 911,Retail,11-50,North America,Referral,Pro,Active,79.0,33,467,2578,5,4.0,1.0,9740.0,2,Healthy Accounts
C00912,Company 912,Education,1000+,Europe,Organic,Enterprise,Active,599.0,40,327,1183,4,3.25,1.75,8985.0,0,Enterprise Value
C00913,Company 913,Healthcare,1-10,Europe,Referral,Free,Active,0.0,27,214,743,3,2.0,2.3333333333333335,0.0,1,Growth Potential
C00914,Company 914,Manufacturing,51-200,Europe,Referral,Pro,Active,79.0,30,255,686,1,3.0,5.0,474.0,1,Growth Potential
C00915,Company 915,Healthcare,201-1000,Europe,Organic,Enterprise,Active,599.0,43,397,1168,0,0.0,0.0,1198.0,2,Healthy Accounts
C00916,Company 916,Consulting,11-50,Latin America,Organic,Starter,Active,29.0,27,352,1847,0,0.0,0.0,58.0,2,Healthy Accounts
C00917,Company 917,Manufacturing,11-50,North America,Partner,Business,Active,199.0,3,25,131,1,1.0,0.0,1194.0,1,Growth Potential
C00918,Company 918,Education,51-200,Europe,Organic,Business,Active,199.0,29,340,1363,5,3.0,2.8,4378.0,2,Healthy Accounts
C00919,Company 919,Retail,11-50,North America,Paid Search,Pro,Active,79.0,16,162,1113,1,5.0,3.0,474.0,1,Growth Potential
C00920,Company 920,SaaS,11-50,Latin America,Paid Search,Starter,Active,29.0,8,82,432,7,2.5714285714285716,2.8,986.0,1,Growth Potential
C00921,Company 921,Retail,11-50,North America,Partner,Pro,Active,79.0,4,41,210,2,6.0,3.5,316.0,1,Growth Potential
C00922,Company 922,Retail,1-10,Asia-Pacific,Organic,Pro,Active,79.0,25,120,430,0,0.0,0.0,158.0,1,Growth Potential
C00923,Company 923,Healthcare,11-50,North America,Partner,Pro,Active,79.0,25,218,511,0,0.0,0.0,395.0,1,Growth Potential
C00924,Company 924,Manufacturing,11-50,Asia-Pacific,Organic,Starter,Active,29.0,38,360,1862,3,2.0,4.5,377.0,2,Healthy Accounts
C00925,Company 925,Finance,1-10,Europe,Outbound,Free,Active,0.0,35,264,1168,0,0.0,0.0,0.0,2,Healthy Accounts
C00926,Company 926,Consulting,51-200,North America,Referral,Business,Active,199.0,34,404,983,6,2.5,2.5,4975.0,2,Healthy Accounts
C00927,Company 927,Media,11-50,North America,Organic,Starter,Active,29.0,17,116,548,0,0.0,0.0,203.0,1,Growth Potential
C00928,Company 928,Media,201-1000,North America,Organic,Business,Active,199.0,25,316,1239,1,1.0,0.0,796.0,2,Healthy Accounts
C00929,Company 929,SaaS,201-1000,Europe,Organic,Enterprise,Active,599.0,2,23,80,1,1.0,1.0,3990.0,0,Enterprise Value
C00930,Company 930,Manufacturing,1-10,Europe,Paid Search,Starter,Active,29.0,31,161,557,6,2.1666666666666665,3.8,725.0,1,Growth Potential
C00931,Company 931,Healthcare,11-50,North America,Referral,Pro,Active,79.0,16,198,850,2,1.0,3.0,640.0,1,Growth Potential
C00932,Company 932,Finance,1000+,North America,Referral,Enterprise,Active,599.0,29,325,1106,0,0.0,0.0,9584.0,0,Enterprise Value
C00933,Company 933,Manufacturing,51-200,North America,Organic,Enterprise,Active,599.0,37,245,966,2,2.5,2.0,5990.0,0,Enterprise Value
C00934,Company 934,Media,11-50,Europe,Organic,Pro,Active,79.0,34,368,2179,0,0.0,0.0,395.0,2,Healthy Accounts
C00935,Company 935,Education,51-200,Europe,Paid Search,Enterprise,Active,599.0,4,47,225,5,4.8,4.0,10782.0,0,Enterprise Value
C00936,Company 936,Education,11-50,North America,Partner,Starter,Active,29.0,8,50,341,3,3.0,2.3333333333333335,377.0,1,Growth Potential
C00937,Company 937,Finance,51-200,North America,Organic,Business,Active,199.0,6,61,76,1,3.0,3.0,1791.0,1,Growth Potential
C00938,Company 938,Manufacturing,11-50,North America,Organic,Starter,Active,29.0,34,247,962,3,1.0,1.5,928.0,2,Healthy Accounts
C00939,Company 939,Manufacturing,51-200,Europe,Organic,Pro,Active,79.0,10,108,370,2,1.0,3.5,474.0,1,Growth Potential
C00940,Company 940,Education,51-200,North America,Paid Search,Pro,Active,79.0,35,296,1858,0,0.0,0.0,237.0,2,Healthy Accounts
C00941,Company 941,Finance,1-10,North America,Referral,Starter,Active,29.0,28,173,895,2,1.5,4.0,87.0,1,Growth Potential
C00942,Company 942,Healthcare,1-10,Asia-Pacific,Referral,Pro,Active,79.0,16,155,488,3,3.3333333333333335,4.0,661.0,1,Growth Potential
C00943,Company 943,Finance,1-10,North America,Referral,Starter,Active,29.0,26,338,1034,1,4.0,3.0,145.0,2,Healthy Accounts
C00944,Company 944,Education,1-10,North America,Organic,Starter,Active,29.0,23,200,1089,0,0.0,0.0,29.0,1,Growth Potential
C00945,Company 945,Healthcare,51-200,Europe,Paid Search,Pro,Active,79.0,37,187,784,9,2.3333333333333335,2.888888888888889,5446.0,2,Healthy Accounts
C00946,Company 946,SaaS,11-50,North America,Partner,Starter,Active,29.0,32,247,1400,3,3.0,4.5,899.0,2,Healthy Accounts
C00947,Company 947,Retail,1-10,North America,Outbound,Free,Active,0.0,11,126,326,1,6.0,2.0,0.0,1,Growth Potential
C00948,Company 948,Manufacturing,1-10,Asia-Pacific,Referral,Free,Active,0.0,21,112,379,3,2.6666666666666665,5.0,0.0,1,Growth Potential
C00949,Company 949,Media,1-10,North America,Outbound,Free,Active,0.0,29,331,1867,1,1.0,5.0,0.0,2,Healthy Accounts
C00950,Company 950,Manufacturing,11-50,Europe,Referral,Pro,Active,79.0,5,32,194,0,0.0,0.0,79.0,1,Growth Potential
C00951,Company 951,Consulting,1-10,Europe,Organic,Free,Active,0.0,16,47,125,3,3.3333333333333335,4.0,0.0,1,Growth Potential
C00952,Company 952,Retail,1-10,North America,Partner,Starter,Active,29.0,21,233,1213,1,1.0,1.0,290.0,1,Growth Potential
C00953,Company 953,Manufacturing,51-200,North America,Organic,Business,Active,199.0,47,484,2784,2,5.0,2.0,3184.0,2,Healthy Accounts
C00954,Company 954,Retail,1-10,Asia-Pacific,Partner,Pro,Active,79.0,35,339,1661,2,1.5,3.0,2262.0,2,Healthy Accounts
C00955,Company 955,SaaS,201-1000,Latin America,Outbound,Business,Active,199.0,52,678,3311,2,8.0,4.0,1592.0,2,Healthy Accounts
C00956,Company 956,Media,1-10,Europe,Organic,Starter,Active,29.0,8,87,46,8,3.125,2.875,783.0,1,Growth Potential
C00957,Company 957,Education,51-200,North America,Paid Search,Pro,Active,79.0,23,216,1191,0,0.0,0.0,237.0,1,Growth Potential
C00958,Company 958,Manufacturing,11-50,Europe,Organic,Starter,Active,29.0,16,113,706,0,0.0,0.0,145.0,1,Growth Potential
C00959,Company 959,Education,1-10,Asia-Pacific,Organic,Free,Active,0.0,4,43,214,0,0.0,0.0,0.0,1,Growth Potential
C00960,Company 960,Healthcare,51-200,Europe,Outbound,Pro,Active,79.0,48,420,772,7,4.285714285714286,2.5,1204.0,2,Healthy Accounts
C00961,Company 961,Healthcare,51-200,North America,Paid Search,Pro,Active,79.0,11,86,681,0,0.0,0.0,79.0,1,Growth Potential
C00962,Company 962,Manufacturing,201-1000,Asia-Pacific,Organic,Business,Active,199.0,4,39,267,4,5.25,2.3333333333333335,2587.0,1,Growth Potential
C00963,Company 963,Media,51-200,Latin America,Referral,Pro,Active,79.0,33,267,1429,4,3.0,2.0,1264.0,2,Healthy Accounts
C00964,Company 964,Retail,11-50,North America,Partner,Starter,Active,29.0,2,16,62,3,6.333333333333333,3.6666666666666665,1488.0,1,Growth Potential
C00965,Company 965,Retail,1-10,Europe,Organic,Starter,Active,29.0,38,381,1840,4,2.5,2.6666666666666665,551.0,2,Healthy Accounts
C00966,Company 966,SaaS,11-50,North America,Organic,Pro,Active,79.0,42,368,1946,2,5.0,3.0,237.0,2,Healthy Accounts
C00967,Company 967,Consulting,1-10,Europe,Outbound,Pro,Active,79.0,28,189,674,0,0.0,0.0,553.0,1,Growth Potential
C00968,Company 968,Consulting,1-10,North America,Paid Search,Free,Active,0.0,5,50,349,3,1.0,3.3333333333333335,0.0,1,Growth Potential
C00969,Company 969,SaaS,1-10,Latin America,Paid Search,Free,Active,0.0,4,23,135,1,2.0,4.0,0.0,1,Growth Potential
C00970,Company 970,Education,1-10,Asia-Pacific,Referral,Free,Active,0.0,26,248,1126,1,1.0,0.0,0.0,2,Healthy Accounts
C00971,Company 971,Consulting,1-10,Asia-Pacific,Partner,Pro,Active,79.0,26,297,1424,0,0.0,0.0,316.0,2,Healthy Accounts
C00972,Company 972,Education,51-200,Europe,Outbound,Business,Active,199.0,16,174,903,10,1.9,3.125,6567.0,0,Enterprise Value
C00973,Company 973,Manufacturing,11-50,North America,Outbound,Pro,Active,79.0,30,256,1026,0,0.0,0.0,79.0,2,Healthy Accounts
C00974,Company 974,SaaS,51-200,Europe,Referral,Pro,Active,79.0,22,146,572,0,0.0,0.0,474.0,1,Growth Potential
C00975,Company 975,Education,11-50,Europe,Outbound,Business,Active,199.0,22,230,1390,4,3.25,4.0,1791.0,2,Healthy Accounts
C00976,Company 976,Media,1000+,Europe,Organic,Business,Active,199.0,1,6,44,2,1.0,2.0,3582.0,1,Growth Potential
C00977,Company 977,Retail,1-10,Asia-Pacific,Paid Search,Starter,Active,29.0,31,353,2173,1,1.0,4.0,232.0,2,Healthy Accounts
C00978,Company 978,SaaS,11-50,Europe,Paid Search,Starter,Active,29.0,14,136,868,3,2.0,2.6666666666666665,493.0,1,Growth Potential
C00979,Company 979,Finance,11-50,Asia-Pacific,Referral,Starter,Active,29.0,46,371,2267,7,2.5714285714285716,2.7142857142857144,812.0,2,Healthy Accounts
C00980,Company 980,Healthcare,1-10,North America,Referral,Free,Active,0.0,19,171,877,5,1.4,4.0,0.0,1,Growth Potential
C00981,Company 981,Education,11-50,Asia-Pacific,Organic,Pro,Active,79.0,14,146,809,1,1.0,0.0,711.0,1,Growth Potential
C00982,Company 982,Healthcare,1-10,Europe,Referral,Pro,Active,79.0,27,245,986,3,1.6666666666666667,3.0,1580.0,2,Healthy Accounts
C00983,Company 983,Manufacturing,1-10,North America,Referral,Free,Active,0.0,35,329,2262,2,1.0,2.5,0.0,2,Healthy Accounts
C00984,Company 984,Healthcare,51-200,North America,Partner,Business,Active,199.0,60,571,2898,2,3.0,4.0,5389.0,2,Healthy Accounts
C00985,Company 985,Manufacturing,1-10,Europe,Organic,Starter,Active,29.0,20,168,697,2,1.0,3.5,406.0,1,Growth Potential
C00986,Company 986,SaaS,1-10,North America,Organic,Starter,Active,29.0,30,153,575,3,1.6666666666666667,2.5,435.0,1,Growth Potential
C00987,Company 987,Retail,51-200,Europe,Partner,Enterprise,Active,599.0,17,150,952,2,5.0,2.0,9584.0,0,Enterprise Value
C00988,Company 988,SaaS,201-1000,Europe,Partner,Enterprise,Active,599.0,44,523,1869,2,2.5,2.0,10782.0,0,Enterprise Value
C00989,Company 989,Consulting,1-10,Europe,Paid Search,Pro,Active,79.0,30,199,685,1,3.0,2.0,316.0,1,Growth Potential
C00990,Company 990,Education,11-50,Europe,Paid Search,Pro,Active,79.0,26,213,875,1,1.0,4.0,316.0,1,Growth Potential
C00991,Company 991,SaaS,11-50,North America,Paid Search,Starter,Active,29.0,17,163,848,1,5.0,5.0,440.0,1,Growth Potential
C00992,Company 992,Education,11-50,North America,Paid Search,Pro,Active,79.0,37,311,1920,1,1.0,2.0,935.0,2,Healthy Accounts
C00993,Company 993,Healthcare,1-10,Asia-Pacific,Organic,Starter,Active,29.0,22,118,427,4,3.0,2.75,464.0,1,Growth Potential
C00994,Company 994,Finance,11-50,North America,Organic,Pro,Active,79.0,18,142,835,0,0.0,0.0,316.0,1,Growth Potential
C00995,Company 995,Healthcare,1-10,Latin America,Organic,Starter,Active,29.0,10,85,276,2,4.0,3.0,348.0,1,Growth Potential
C00996,Company 996,Retail,201-1000,North America,Organic,Enterprise,Active,599.0,16,170,1476,2,3.0,4.0,6589.0,0,Enterprise Value
C00997,Company 997,Finance,51-200,North America,Referral,Pro,Active,79.0,13,84,301,8,2.0,3.0,1741.0,1,Growth Potential
C00998,Company 998,Manufacturing,1-10,Europe,Outbound,Pro,Active,79.0,30,343,2181,1,1.0,5.0,79.0,2,Healthy Accounts
C00999,Company 999,SaaS,1-10,North America,Organic,Pro,Active,79.0,15,76,244,0,0.0,0.0,79.0,1,Growth Potential
C01000,Company 1000,Retail,1000+,Europe,Paid Search,Enterprise,Active,599.0,13,120,359,2,1.5,4.0,7787.0,0,Enterprise Value
C01001,Company 1001,Manufacturing,1-10,Latin America,Referral,Free,Active,0.0,36,329,1707,1,5.0,1.0,0.0,2,Healthy Accounts
C01002,Company 1002,Consulting,11-50,Asia-Pacific,Referral,Pro,Active,79.0,26,207,1296,7,3.0,2.5714285714285716,3459.0,2,Healthy Accounts
C01003,Company 1003,SaaS,51-200,North America,Partner,Business,Active,199.0,13,119,282,2,7.5,1.5,995.0,1,Growth Potential
C01004,Company 1004,Education,51-200,Asia-Pacific,Organic,Enterprise,Active,599.0,1,9,54,1,1.0,4.0,5391.0,0,Enterprise Value
C01005,Company 1005,Education,11-50,North America,Organic,Starter,Active,29.0,7,57,119,4,2.25,2.3333333333333335,569.0,1,Growth Potential
C01006,Company 1006,Finance,51-200,North America,Organic,Pro,Active,79.0,15,145,704,0,0.0,0.0,158.0,1,Growth Potential
C01007,Company 1007,Finance,11-50,Europe,Referral,Starter,Active,29.0,27,218,1792,4,3.0,2.0,348.0,2,Healthy Accounts
C01008,Company 1008,SaaS,11-50,Asia-Pacific,Paid Search,Starter,Active,29.0,25,249,1092,5,4.0,2.6,1309.0,2,Healthy Accounts
C01009,Company 1009,Consulting,11-50,Asia-Pacific,Organic,Pro,Active,79.0,6,66,287,5,3.0,3.2,3927.0,1,Growth Potential
C01010,Company 1010,Consulting,51-200,Asia-Pacific,Paid Search,Business,Active,199.0,14,142,828,1,6.0,3.0,2388.0,1,Growth Potential
C01011,Company 1011,SaaS,11-50,Asia-Pacific,Outbound,Pro,Active,79.0,30,300,1392,3,4.0,2.3333333333333335,1106.0,2,Healthy Accounts
C01012,Company 1012,SaaS,11-50,North America,Referral,Pro,Active,79.0,10,83,440,2,1.5,2.0,1106.0,1,Growth Potential
C01013,Company 1013,Manufacturing,51-200,North America,Outbound,Pro,Active,79.0,50,439,1560,3,2.3333333333333335,2.3333333333333335,1854.0,2,Healthy Accounts
C01014,Company 1014,Media,1-10,Europe,Organic,Starter,Active,29.0,7,60,252,8,2.75,2.5714285714285716,764.0,1,Growth Potential
C01015,Company 1015,Finance,11-50,Asia-Pacific,Paid Search,Pro,Active,79.0,39,450,2865,1,1.0,3.0,1185.0,2,Healthy Accounts
C01016,Company 1016,SaaS,51-200,North America,Organic,Business,Active,199.0,21,216,740,3,3.0,2.3333333333333335,5373.0,1,Growth Potential
C01017,Company 1017,Consulting,11-50,Asia-Pacific,Organic,Pro,Active,79.0,26,352,2019,0,0.0,0.0,474.0,2,Healthy Accounts
C01018,Company 1018,Finance,1-10,North America,Organic,Pro,Active,79.0,16,157,352,3,2.0,4.333333333333333,474.0,1,Growth Potential
C01019,Company 1019,Consulting,51-200,Europe,Partner,Business,Active,199.0,21,197,696,1,1.0,5.0,796.0,1,Growth Potential
C01020,Company 1020,Manufacturing,201-1000,Latin America,Organic,Business,Active,199.0,30,321,1894,0,0.0,0.0,199.0,2,Healthy Accounts
C01021,Company 1021,Finance,1-10,Asia-Pacific,Organic,Free,Active,0.0,13,89,368,1,1.0,3.0,0.0,1,Growth Potential
C01022,Company 1022,SaaS,51-200,Europe,Organic,Business,Active,199.0,25,293,1513,0,0.0,0.0,199.0,2,Healthy Accounts
C01023,Company 1023,SaaS,1-10,Europe,Organic,Free,Active,0.0,1,12,56,2,1.0,4.0,0.0,1,Growth Potential
C01024,Company 1024,Finance,11-50,Europe,Outbound,Starter,Active,29.0,24,253,1619,4,3.25,2.6666666666666665,435.0,2,Healthy Accounts
C01025,Company 1025,Education,1-10,North America,Referral,Free,Active,0.0,55,374,1563,4,2.0,1.75,0.0,2,Healthy Accounts
C01026,Company 1026,Consulting,1-10,Europe,Paid Search,Free,Active,0.0,1,8,35,1,1.0,0.0,0.0,1,Growth Potential
C01027,Company 1027,SaaS,1-10,Latin America,Organic,Starter,Active,29.0,29,283,1051,0,0.0,0.0,58.0,2,Healthy Accounts
C01028,Company 1028,Manufacturing,1-10,North America,Paid Search,Starter,Active,29.0,25,232,1759,2,3.5,3.0,87.0,2,Healthy Accounts
C01029,Company 1029,Retail,11-50,Europe,Organic,Business,Active,199.0,30,381,2564,0,0.0,0.0,2786.0,2,Healthy Accounts
C01030,Company 1030,SaaS,11-50,Europe,Organic,Business,Active,199.0,28,185,963,6,1.8333333333333333,2.6,4975.0,2,Healthy Accounts
C01031,Company 1031,Media,1-10,North America,Organic,Free,Active,0.0,42,414,2136,2,3.0,2.0,0.0,2,Healthy Accounts
C01032,Company 1032,Education,11-50,Europe,Organic,Starter,Active,29.0,20,183,781,0,0.0,0.0,29.0,1,Growth Potential
C01033,Company 1033,Consulting,1-10,Europe,Partner,Free,Active,0.0,18,172,1209,0,0.0,0.0,0.0,1,Growth Potential
C01034,Company 1034,Consulting,51-200,North America,Partner,Pro,Active,79.0,40,340,1519,6,3.5,2.25,1027.0,2,Healthy Accounts
C01035,Company 1035,Consulting,51-200,Europe,Referral,Pro,Active,79.0,33,390,1746,6,1.3333333333333333,3.0,2619.0,2,Healthy Accounts
C01036,Company 1036,Retail,1-10,Asia-Pacific,Outbound,Free,Active,0.0,25,212,646,2,1.0,3.5,0.0,1,Growth Potential
C01037,Company 1037,Manufacturing,1-10,Asia-Pacific,Partner,Starter,Active,29.0,18,170,1156,6,5.0,2.75,435.0,1,Growth Potential
C01038,Company 1038,Consulting,11-50,North America,Organic,Business,Active,199.0,34,292,1158,1,1.0,5.0,796.0,2,Healthy Accounts
C01039,Company 1039,Manufacturing,11-50,Europe,Organic,Starter,Active,29.0,15,166,795,6,1.6666666666666667,2.8,551.0,1,Growth Potential
C01040,Company 1040,Finance,11-50,North America,Paid Search,Starter,Active,29.0,8,85,257,11,1.6363636363636365,2.5,870.0,1,Growth Potential
C01041,Company 1041,Media,51-200,Europe,Paid Search,Pro,Active,79.0,24,201,556,1,1.0,3.0,790.0,1,Growth Potential
C01042,Company 1042,Consulting,51-200,North America,Paid Search,Pro,Active,79.0,21,209,920,2,2.0,2.0,553.0,1,Growth Potential
C01043,Company 1043,Media,1-10,Asia-Pacific,Referral,Starter,Active,29.0,1,7,42,1,1.0,4.0,203.0,1,Growth Potential
C01044,Company 1044,Education,11-50,North America,Organic,Starter,Active,29.0,50,490,3529,8,3.25,1.8333333333333333,2191.0,2,Healthy Accounts
C01045,Company 1045,Consulting,51-200,North America,Referral,Pro,Active,79.0,12,116,360,0,0.0,0.0,316.0,1,Growth Potential
C01046,Company 1046,Consulting,11-50,North America,Organic,Pro,Active,79.0,33,411,2517,0,0.0,0.0,711.0,2,Healthy Accounts
C01047,Company 1047,Media,1-10,North America,Organic,Starter,Active,29.0,5,32,138,1,1.0,2.0,116.0,1,Growth Potential
C01048,Company 1048,SaaS,1-10,Asia-Pacific,Outbound,Free,Active,0.0,25,260,1136,4,1.25,4.333333333333333,0.0,2,Healthy Accounts
C01049,Company 1049,Consulting,11-50,North America,Organic,Starter,Active,29.0,8,68,331,2,6.5,4.0,232.0,1,Growth Potential
C01050,Company 1050,Retail,1-10,Asia-Pacific,Outbound,Free,Active,0.0,17,172,1264,0,0.0,0.0,0.0,1,Growth Potential
C01051,Company 1051,Finance,51-200,Europe,Partner,Business,Active,199.0,17,191,911,0,0.0,0.0,398.0,1,Growth Potential
C01052,Company 1052,Retail,11-50,North America,Organic,Starter,Active,29.0,3,30,185,7,2.857142857142857,5.0,928.0,1,Growth Potential
C01053,Company 1053,Manufacturing,1-10,North America,Paid Search,Free,Active,0.0,1,8,43,1,3.0,3.0,0.0,1,Growth Potential
C01054,Company 1054,Media,201-1000,Europe,Organic,Enterprise,Active,599.0,38,339,1335,1,1.0,2.0,5391.0,0,Enterprise Value
C01055,Company 1055,Education,11-50,Europe,Paid Search,Pro,Active,79.0,11,111,715,2,1.0,2.0,395.0,1,Growth Potential
C01056,Company 1056,Manufacturing,1-10,Asia-Pacific,Paid Search,Starter,Active,29.0,2,14,58,1,1.0,2.0,2845.0,1,Growth Potential
C01057,Company 1057,Healthcare,1-10,North America,Outbound,Starter,Active,29.0,34,233,1345,2,3.0,2.0,116.0,2,Healthy Accounts
C01058,Company 1058,Consulting,51-200,Europe,Organic,Business,Active,199.0,10,102,346,3,2.0,3.5,4975.0,1,Growth Potential
C01059,Company 1059,Media,1-10,Asia-Pacific,Referral,Starter,Active,29.0,43,371,1569,1,1.0,1.0,232.0,2,Healthy Accounts
C01060,Company 1060,Media,51-200,Europe,Paid Search,Pro,Active,79.0,30,228,747,1,1.0,2.0,474.0,1,Growth Potential
C01061,Company 1061,Media,11-50,Europe,Organic,Starter,Active,29.0,15,103,684,0,0.0,0.0,87.0,1,Growth Potential
C01062,Company 1062,Retail,201-1000,North America,Organic,Business,Active,199.0,18,164,1254,1,7.0,4.0,2388.0,1,Growth Potential
C01063,Company 1063,Consulting,1-10,Europe,Organic,Pro,Active,79.0,12,96,151,3,2.6666666666666665,1.0,1343.0,1,Growth Potential
C01064,Company 1064,Finance,11-50,North America,Partner,Starter,Active,29.0,6,45,115,0,0.0,0.0,29.0,1,Growth Potential
C01065,Company 1065,Retail,1000+,Europe,Partner,Enterprise,Active,599.0,29,310,1353,4,1.75,3.0,11090.0,0,Enterprise Value
C01066,Company 1066,Education,11-50,Europe,Referral,Pro,Active,79.0,33,361,1435,0,0.0,0.0,474.0,2,Healthy Accounts
C01067,Company 1067,Retail,51-200,Europe,Paid Search,Business,Active,199.0,5,45,202,0,0.0,0.0,6388.0,1,Growth Potential
C01068,Company 1068,Consulting,11-50,Europe,Organic,Starter,Active,29.0,35,416,2566,2,3.5,2.5,145.0,2,Healthy Accounts
C01069,Company 1069,Manufacturing,11-50,Latin America,Organic,Starter,Active,29.0,11,100,475,3,4.0,3.3333333333333335,827.0,1,Growth Potential
C01070,Company 1070,Retail,1-10,Asia-Pacific,Organic,Free,Active,0.0,23,292,1064,5,2.8,3.0,0.0,2,Healthy Accounts
C01071,Company 1071,Healthcare,1-10,Europe,Paid Search,Free,Active,0.0,13,182,842,0,0.0,0.0,0.0,1,Growth Potential
C01072,Company 1072,Retail,51-200,Europe,Referral,Pro,Active,79.0,27,220,1454,1,2.0,2.0,2212.0,2,Healthy Accounts
C01073,Company 1073,Retail,11-50,North America,Outbound,Business,Active,199.0,48,352,987,0,0.0,0.0,1393.0,2,Healthy Accounts
C01074,Company 1074,Finance,1-10,Europe,Organic,Free,Active,0.0,25,245,1626,1,1.0,3.0,0.0,2,Healthy Accounts
C01075,Company 1075,Healthcare,51-200,North America,Paid Search,Enterprise,Active,599.0,20,138,662,0,0.0,0.0,2995.0,0,Enterprise Value
C01076,Company 1076,SaaS,11-50,North America,Outbound,Pro,Active,79.0,15,208,376,1,1.0,5.0,316.0,1,Growth Potential
C01077,Company 1077,Healthcare,1000+,Asia-Pacific,Referral,Business,Active,199.0,14,160,933,2,2.5,0.0,1791.0,1,Growth Potential
C01078,Company 1078,Consulting,51-200,Asia-Pacific,Organic,Enterprise,Active,599.0,1,8,53,7,1.5714285714285714,2.8,13777.0,0,Enterprise Value
C01079,Company 1079,Manufacturing,1-10,North America,Referral,Starter,Active,29.0,23,234,1628,5,2.0,2.4,843.0,2,Healthy Accounts
C01080,Company 1080,Healthcare,51-200,Europe,Organic,Pro,Active,79.0,25,281,1549,1,4.0,5.0,316.0,2,Healthy Accounts
C01081,Company 1081,Education,1-10,North America,Referral,Pro,Active,79.0,25,196,1173,3,2.3333333333333335,2.6666666666666665,740.0,1,Growth Potential
C01082,Company 1082,Media,11-50,North America,Organic,Pro,Active,79.0,1,7,41,0,0.0,0.0,316.0,1,Growth Potential
C01083,Company 1083,SaaS,11-50,North America,Organic,Starter,Active,29.0,1,8,47,0,0.0,0.0,29.0,1,Growth Potential
C01084,Company 1084,Media,51-200,Europe,Partner,Business,Active,199.0,18,178,804,3,4.333333333333333,4.0,7982.0,0,Enterprise Value
C01085,Company 1085,Finance,11-50,North America,Organic,Pro,Active,79.0,21,176,1021,2,1.0,3.5,711.0,1,Growth Potential
C01086,Company 1086,Education,11-50,Asia-Pacific,Referral,Pro,Active,79.0,18,142,828,3,1.6666666666666667,3.0,1270.0,1,Growth Potential
C01087,Company 1087,Healthcare,11-50,North America,Referral,Starter,Active,29.0,31,338,2298,6,2.5,3.4,2035.0,2,Healthy Accounts
C01088,Company 1088,SaaS,51-200,North America,Outbound,Pro,Active,79.0,1,10,44,1,1.0,2.0,79.0,1,Growth Potential
C01089,Company 1089,Education,1-10,Asia-Pacific,Paid Search,Pro,Active,79.0,40,253,706,2,8.0,5.0,1451.0,2,Healthy Accounts
C01090,Company 1090,Finance,1-10,North America,Organic,Pro,Active,79.0,14,143,768,3,4.0,3.3333333333333335,2859.0,1,Growth Potential
C01091,Company 1091,Finance,201-1000,North America,Referral,Enterprise,Active,599.0,7,101,457,1,2.0,0.0,7188.0,0,Enterprise Value
C01092,Company 1092,Healthcare,11-50,Asia-Pacific,Referral,Starter,Active,29.0,33,382,1283,3,3.6666666666666665,3.0,377.0,2,Healthy Accounts
C01093,Company 1093,Finance,1-10,Europe,Paid Search,Free,Active,0.0,1,7,21,0,0.0,0.0,0.0,1,Growth Potential
C01094,Company 1094,Manufacturing,51-200,North America,Referral,Enterprise,Active,599.0,24,236,1239,3,2.3333333333333335,4.333333333333333,17371.0,0,Enterprise Value
C01095,Company 1095,Media,1-10,North America,Organic,Starter,Active,29.0,14,141,1035,3,3.3333333333333335,3.3333333333333335,319.0,1,Growth Potential
C01096,Company 1096,Healthcare,1-10,Europe,Outbound,Free,Active,0.0,15,129,871,0,0.0,0.0,0.0,1,Growth Potential
C01097,Company 1097,Media,1000+,North America,Organic,Enterprise,Active,599.0,1,7,37,0,0.0,0.0,1797.0,1,Growth Potential
C01098,Company 1098,Media,1-10,North America,Paid Search,Starter,Active,29.0,42,363,1985,7,2.5714285714285716,3.6,1662.0,2,Healthy Accounts
C01099,Company 1099,Finance,201-1000,North America,Referral,Business,Active,199.0,46,428,1754,7,2.4285714285714284,3.4,5970.0,2,Healthy Accounts
C01100,Company 1100,Consulting,11-50,North America,Organic,Pro,Active,79.0,1,6,36,0,0.0,0.0,237.0,1,Growth Potential
C01101,Company 1101,SaaS,1-10,Europe,Referral,Pro,Active,79.0,24,181,691,4,1.5,3.3333333333333335,2461.0,1,Growth Potential
C01102,Company 1102,Media,1-10,Europe,Organic,Free,Active,0.0,24,268,1690,1,1.0,3.0,0.0,2,Healthy Accounts
C01103,Company 1103,Consulting,51-200,Europe,Outbound,Pro,Active,79.0,15,146,978,4,1.5,4.0,1343.0,1,Growth Potential
C01104,Company 1104,Consulting,11-50,North America,Organic,Starter,Active,29.0,16,163,1167,3,2.0,2.6666666666666665,348.0,1,Growth Potential
C01105,Company 1105,SaaS,11-50,Europe,Organic,Pro,Active,79.0,24,169,943,3,3.0,2.5,2212.0,1,Growth Potential
C01106,Company 1106,Manufacturing,11-50,North America,Outbound,Starter,Active,29.0,3,21,81,1,2.0,2.0,174.0,1,Growth Potential
C01107,Company 1107,Education,51-200,North America,Organic,Business,Active,199.0,39,331,1176,10,4.5,3.25,5572.0,2,Healthy Accounts
C01108,Company 1108,Retail,1000+,Europe,Referral,Enterprise,Active,599.0,35,271,1762,0,0.0,0.0,15574.0,0,Enterprise Value
C01109,Company 1109,Finance,51-200,Asia-Pacific,Paid Search,Enterprise,Active,599.0,6,69,393,0,0.0,0.0,3594.0,0,Enterprise Value
C01110,Company 1110,Education,51-200,North America,Organic,Enterprise,Active,599.0,34,365,1535,4,2.75,2.6666666666666665,11381.0,0,Enterprise Value
C01111,Company 1111,Retail,11-50,Europe,Organic,Starter,Active,29.0,25,328,1415,0,0.0,0.0,174.0,2,Healthy Accounts
C01112,Company 1112,Manufacturing,1000+,North America,Organic,Business,Active,199.0,22,235,181,5,3.2,3.8,5607.0,1,Growth Potential
C01113,Company 1113,Consulting,11-50,Latin America,Organic,Pro,Active,79.0,8,61,434,6,1.6666666666666667,2.1666666666666665,1975.0,1,Growth Potential
C01114,Company 1114,Finance,51-200,North America,Organic,Business,Active,199.0,28,280,1582,7,1.5714285714285714,2.2,4053.0,2,Healthy Accounts
C01115,Company 1115,SaaS,11-50,North America,Organic,Pro,Active,79.0,18,171,730,1,1.0,4.0,237.0,1,Growth Potential
C01116,Company 1116,Retail,1-10,Asia-Pacific,Referral,Starter,Active,29.0,19,126,661,1,1.0,3.0,295.0,1,Growth Potential
C01117,Company 1117,Finance,11-50,Asia-Pacific,Organic,Starter,Active,29.0,4,35,161,0,0.0,0.0,87.0,1,Growth Potential
C01118,Company 1118,Education,1-10,North America,Referral,Free,Active,0.0,38,396,1572,1,2.0,1.0,0.0,2,Healthy Accounts
C01119,Company 1119,Media,11-50,North America,Outbound,Pro,Active,79.0,9,77,448,2,2.5,5.0,790.0,1,Growth Potential
C01120,Company 1120,Education,11-50,Asia-Pacific,Partner,Starter,Active,29.0,37,302,1147,2,7.5,1.0,319.0,2,Healthy Accounts
C01121,Company 1121,Healthcare,11-50,Asia-Pacific,Organic,Starter,Active,29.0,13,140,494,0,0.0,0.0,174.0,1,Growth Potential
C01122,Company 1122,Consulting,51-200,North America,Paid Search,Pro,Active,79.0,36,330,1100,7,2.857142857142857,3.2,1864.0,2,Healthy Accounts
C01123,Company 1123,Media,1-10,Asia-Pacific,Outbound,Free,Active,0.0,29,272,637,3,1.0,2.6666666666666665,0.0,2,Healthy Accounts
C01124,Company 1124,SaaS,201-1000,North America,Organic,Enterprise,Active,599.0,42,429,1121,3,1.0,1.5,5990.0,0,Enterprise Value
C01125,Company 1125,Retail,51-200,North America,Referral,Pro,Active,79.0,38,217,2121,1,2.0,5.0,316.0,2,Healthy Accounts
C01126,Company 1126,Retail,51-200,Europe,Organic,Pro,Active,79.0,13,153,363,2,1.0,3.5,711.0,1,Growth Potential
C01127,Company 1127,SaaS,1-10,Europe,Organic,Starter,Active,29.0,16,169,797,0,0.0,0.0,87.0,1,Growth Potential
C01128,Company 1128,Retail,11-50,North America,Organic,Business,Active,199.0,16,174,1041,2,2.5,3.5,3383.0,1,Growth Potential
C01129,Company 1129,Finance,11-50,Europe,Organic,Business,Active,199.0,17,100,384,0,0.0,0.0,398.0,1,Growth Potential
C01130,Company 1130,Education,1-10,North America,Outbound,Pro,Active,79.0,38,301,604,4,3.0,2.0,1659.0,2,Healthy Accounts
C01131,Company 1131,Consulting,1-10,Europe,Organic,Pro,Active,79.0,16,151,656,1,1.0,5.0,316.0,1,Growth Potential
C01132,Company 1132,Manufacturing,51-200,North America,Organic,Business,Active,199.0,13,117,540,0,0.0,0.0,1393.0,1,Growth Potential
C01133,Company 1133,Consulting,1-10,North America,Referral,Starter,Active,29.0,11,71,370,1,1.0,0.0,145.0,1,Growth Potential
C01134,Company 1134,SaaS,201-1000,Europe,Organic,Enterprise,Active,599.0,39,282,1642,7,2.4285714285714284,2.5,17371.0,0,Enterprise Value
C01135,Company 1135,Consulting,1-10,Europe,Organic,Free,Active,0.0,22,228,1580,3,6.333333333333333,3.5,0.0,2,Healthy Accounts
C01136,Company 1136,Manufacturing,11-50,North America,Referral,Pro,Active,79.0,21,249,1137,0,0.0,0.0,395.0,1,Growth Potential
C01137,Company 1137,Media,11-50,Asia-Pacific,Organic,Business,Active,199.0,30,326,1379,2,5.5,1.0,2189.0,2,Healthy Accounts
C01138,Company 1138,Consulting,201-1000,North America,Organic,Business,Active,199.0,33,281,798,1,1.0,2.0,1393.0,2,Healthy Accounts
C01139,Company 1139,Consulting,1-10,North America,Partner,Free,Active,0.0,11,96,554,2,1.0,2.0,0.0,1,Growth Potential
C01140,Company 1140,Manufacturing,1-10,Latin America,Referral,Starter,Active,29.0,36,233,1418,7,2.0,3.0,667.0,2,Healthy Accounts
C01141,Company 1141,SaaS,11-50,North America,Organic,Starter,Active,29.0,19,192,1316,2,4.5,3.0,2951.0,1,Growth Potential
C01142,Company 1142,Healthcare,201-1000,Asia-Pacific,Paid Search,Business,Active,199.0,29,274,1595,2,2.0,3.0,2786.0,2,Healthy Accounts
C01143,Company 1143,Healthcare,201-1000,Europe,Referral,Business,Active,199.0,25,259,816,0,0.0,0.0,3980.0,1,Growth Potential
C01144,Company 1144,Consulting,1-10,Asia-Pacific,Outbound,Free,Active,0.0,20,183,827,2,5.0,3.0,0.0,1,Growth Potential
C01145,Company 1145,Retail,11-50,North America,Outbound,Pro,Active,79.0,8,66,377,1,11.0,4.0,632.0,1,Growth Potential
C01146,Company 1146,Manufacturing,51-200,Europe,Organic,Pro,Active,79.0,15,162,1145,1,1.0,4.0,237.0,1,Growth Potential
C01147,Company 1147,Healthcare,201-1000,Asia-Pacific,Referral,Business,Active,199.0,8,56,294,5,1.8,2.3333333333333335,3184.0,1,Growth Potential
C01148,Company 1148,Consulting,11-50,Asia-Pacific,Organic,Pro,Active,79.0,29,200,132,2,1.0,2.0,237.0,1,Growth Potential
C01149,Company 1149,Consulting,1-10,Asia-Pacific,Paid Search,Free,Active,0.0,6,46,318,2,5.0,5.0,0.0,1,Growth Potential
C01150,Company 1150,SaaS,11-50,Europe,Organic,Starter,Active,29.0,1,5,17,3,1.0,2.6666666666666665,261.0,1,Growth Potential
C01151,Company 1151,Retail,201-1000,North America,Organic,Business,Active,199.0,45,396,1444,6,1.5,2.8333333333333335,9371.0,2,Healthy Accounts
C01152,Company 1152,Healthcare,1-10,Europe,Referral,Free,Active,0.0,21,204,1138,8,2.5,3.0,0.0,2,Healthy Accounts
C01153,Company 1153,Healthcare,1000+,Asia-Pacific,Paid Search,Enterprise,Active,599.0,47,246,1128,1,1.0,4.0,1797.0,0,Enterprise Value
C01154,Company 1154,Consulting,1-10,Europe,Outbound,Starter,Active,29.0,36,356,1312,1,1.0,0.0,551.0,2,Healthy Accounts
C01155,Company 1155,Manufacturing,201-1000,Europe,Organic,Enterprise,Active,599.0,18,119,924,3,2.3333333333333335,2.3333333333333335,8985.0,0,Enterprise Value
C01156,Company 1156,Education,11-50,Asia-Pacific,Organic,Pro,Active,79.0,43,387,1980,5,2.6,2.75,2370.0,2,Healthy Accounts
C01157,Company 1157,SaaS,51-200,Europe,Organic,Enterprise,Active,599.0,1,10,31,0,0.0,0.0,2396.0,0,Enterprise Value
C01158,Company 1158,Manufacturing,201-1000,Europe,Organic,Business,Active,199.0,51,515,3739,4,3.25,2.25,6567.0,2,Healthy Accounts
C01159,Company 1159,Finance,11-50,Europe,Organic,Pro,Active,79.0,36,324,1129,3,2.0,4.0,1738.0,2,Healthy Accounts
C01160,Company 1160,Finance,1-10,Europe,Organic,Pro,Active,79.0,31,288,1859,0,0.0,0.0,237.0,2,Healthy Accounts
C01161,Company 1161,Manufacturing,51-200,North America,Referral,Pro,Active,79.0,43,422,2181,1,1.0,0.0,1185.0,2,Healthy Accounts
C01162,Company 1162,SaaS,11-50,North America,Paid Search,Pro,Active,79.0,48,552,2500,3,5.0,2.0,661.0,2,Healthy Accounts
C01163,Company 1163,Finance,11-50,Europe,Paid Search,Pro,Active,79.0,9,90,419,0,0.0,0.0,79.0,1,Growth Potential
C01164,Company 1164,Retail,51-200,Europe,Paid Search,Business,Active,199.0,4,17,73,4,2.0,2.25,2189.0,1,Growth Potential
C01165,Company 1165,Finance,51-200,North America,Partner,Pro,Active,79.0,16,206,1105,1,9.0,2.0,474.0,1,Growth Potential
C01166,Company 1166,Healthcare,1-10,North America,Paid Search,Pro,Active,79.0,34,254,1421,7,2.7142857142857144,3.0,2370.0,2,Healthy Accounts
C01167,Company 1167,Healthcare,1-10,Europe,Organic,Free,Active,0.0,36,257,2404,5,2.6,2.5,0.0,2,Healthy Accounts
C01168,Company 1168,Retail,11-50,North America,Referral,Pro,Active,79.0,19,148,759,2,5.5,2.5,1580.0,1,Growth Potential
C01169,Company 1169,SaaS,11-50,North America,Paid Search,Starter,Active,29.0,35,258,1369,2,2.5,2.5,609.0,2,Healthy Accounts
C01170,Company 1170,Manufacturing,1-10,North America,Outbound,Free,Active,0.0,33,351,1615,1,1.0,0.0,0.0,2,Healthy Accounts
C01171,Company 1171,Consulting,51-200,Europe,Outbound,Pro,Active,79.0,13,73,503,0,0.0,0.0,79.0,1,Growth Potential
C01172,Company 1172,Retail,201-1000,Europe,Paid Search,Business,Active,199.0,24,253,391,2,3.0,5.0,1791.0,1,Growth Potential
C01173,Company 1173,Consulting,1-10,North America,Organic,Starter,Active,29.0,40,286,1289,0,0.0,0.0,232.0,2,Healthy Accounts
C01174,Company 1174,Manufacturing,51-200,North America,Organic,Business,Active,199.0,8,100,490,0,0.0,0.0,597.0,1,Growth Potential
C01175,Company 1175,Retail,11-50,North America,Organic,Pro,Active,79.0,11,105,576,3,1.6666666666666667,3.5,1343.0,1,Growth Potential
C01176,Company 1176,Healthcare,51-200,North America,Referral,Pro,Active,79.0,10,64,369,1,5.0,3.0,237.0,1,Growth Potential
C01177,Company 1177,Healthcare,1-10,Europe,Organic,Free,Active,0.0,29,241,1169,0,0.0,0.0,0.0,2,Healthy Accounts
C01178,Company 1178,SaaS,1-10,Europe,Paid Search,Pro,Active,79.0,35,282,1812,4,1.75,3.25,1027.0,2,Healthy Accounts
C01179,Company 1179,Healthcare,1-10,Europe,Paid Search,Free,Active,0.0,32,220,893,2,1.5,1.5,0.0,2,Healthy Accounts
C01180,Company 1180,Consulting,201-1000,Asia-Pacific,Paid Search,Enterprise,Active,599.0,26,186,539,2,3.5,3.5,3594.0,0,Enterprise Value
C01181,Company 1181,Manufacturing,201-1000,Europe,Organic,Business,Active,199.0,28,288,1542,4,1.75,3.0,3383.0,2,Healthy Accounts
C01182,Company 1182,Healthcare,11-50,Asia-Pacific,Organic,Starter,Active,29.0,21,182,523,2,1.5,4.0,203.0,1,Growth Potential
C01183,Company 1183,Consulting,11-50,Asia-Pacific,Organic,Starter,Active,29.0,23,187,982,1,1.0,0.0,87.0,1,Growth Potential
C01184,Company 1184,SaaS,51-200,North America,Organic,Enterprise,Active,599.0,23,203,1379,3,1.0,3.5,10183.0,0,Enterprise Value
C01185,Company 1185,SaaS,11-50,Europe,Organic,Pro,Active,79.0,16,172,1136,3,3.0,3.3333333333333335,1659.0,1,Growth Potential
C01186,Company 1186,Retail,11-50,North America,Organic,Pro,Active,79.0,27,282,1621,0,0.0,0.0,237.0,2,Healthy Accounts
C01187,Company 1187,Finance,11-50,Latin America,Paid Search,Pro,Active,79.0,20,202,1308,1,2.0,1.0,790.0,1,Growth Potential
C01188,Company 1188,SaaS,1-10,Asia-Pacific,Organic,Free,Active,0.0,1,7,33,0,0.0,0.0,0.0,1,Growth Potential
C01189,Company 1189,Media,11-50,North America,Referral,Starter,Active,29.0,19,147,823,0,0.0,0.0,469.0,1,Growth Potential
C01190,Company 1190,Retail,1-10,Latin America,Organic,Free,Active,0.0,19,184,1340,0,0.0,0.0,0.0,1,Growth Potential
C01191,Company 1191,Media,1-10,Asia-Pacific,Outbound,Free,Active,0.0,39,464,2865,1,1.0,0.0,0.0,2,Healthy Accounts
C01192,Company 1192,Media,1-10,Asia-Pacific,Referral,Free,Active,0.0,27,220,1010,1,2.0,2.0,0.0,1,Growth Potential
C01193,Company 1193,Finance,1-10,North America,Referral,Pro,Active,79.0,26,315,1312,2,1.0,2.5,1106.0,2,Healthy Accounts
C01194,Company 1194,Manufacturing,11-50,North America,Outbound,Pro,Active,79.0,27,201,798,3,3.6666666666666665,3.0,790.0,1,Growth Potential
C01195,Company 1195,Retail,1-10,North America,Paid Search,Free,Active,0.0,5,41,232,1,1.0,3.0,0.0,1,Growth Potential
C01196,Company 1196,Healthcare,51-200,North America,Referral,Pro,Active,79.0,27,163,709,2,3.0,2.0,869.0,1,Growth Potential
C01197,Company 1197,Retail,1-10,Asia-Pacific,Paid Search,Free,Active,0.0,16,102,286,1,1.0,2.0,0.0,1,Growth Potential
C01198,Company 1198,Education,11-50,North America,Referral,Pro,Active,79.0,38,317,479,9,2.555555555555556,2.8333333333333335,3848.0,2,Healthy Accounts
C01199,Company 1199,Consulting,1-10,North America,Organic,Pro,Active,79.0,1,11,64,0,0.0,0.0,395.0,1,Growth Potential
C01200,Company 1200,Education,11-50,North America,Paid Search,Starter,Active,29.0,6,55,121,3,5.333333333333333,2.6666666666666665,290.0,1,Growth Potential
C01201,Company 1201,Manufacturing,11-50,Europe,Partner,Business,Active,199.0,30,312,2340,1,4.0,3.0,1393.0,2,Healthy Accounts
C01202,Company 1202,Consulting,201-1000,Latin America,Referral,Enterprise,Active,599.0,34,393,2588,3,2.0,1.3333333333333333,16772.0,0,Enterprise Value
C01203,Company 1203,SaaS,11-50,Asia-Pacific,Referral,Pro,Active,79.0,28,175,815,5,3.2,3.5,1925.0,1,Growth Potential
C01204,Company 1204,Consulting,11-50,Asia-Pacific,Organic,Starter,Active,29.0,49,429,2052,8,3.375,2.4285714285714284,1533.0,2,Healthy Accounts
C01205,Company 1205,Manufacturing,11-50,North America,Organic,Starter,Active,29.0,43,480,2016,0,0.0,0.0,87.0,2,Healthy Accounts
C01206,Company 1206,Finance,1-10,Europe,Organic,Free,Active,0.0,15,102,668,5,3.0,1.75,0.0,1,Growth Potential
C01207,Company 1207,Healthcare,51-200,Europe,Referral,Pro,Active,79.0,33,256,1371,1,1.0,5.0,948.0,2,Healthy Accounts
C01208,Company 1208,Retail,51-200,North America,Referral,Business,Active,199.0,11,130,387,1,13.0,3.0,2388.0,1,Growth Potential
C01209,Company 1209,Healthcare,1-10,North America,Referral,Starter,Active,29.0,30,216,934,1,2.0,1.0,58.0,1,Growth Potential
C01210,Company 1210,Media,1-10,North America,Outbound,Free,Active,0.0,41,268,1796,7,1.5714285714285714,3.6666666666666665,0.0,2,Healthy Accounts
C01211,Company 1211,Education,1-10,Asia-Pacific,Organic,Starter,Active,29.0,21,224,1456,0,0.0,0.0,29.0,1,Growth Potential
C01212,Company 1212,Finance,201-1000,North America,Referral,Business,Active,199.0,55,498,2858,6,2.5,3.25,4091.0,2,Healthy Accounts
C01213,Company 1213,SaaS,1-10,Europe,Organic,Free,Active,0.0,41,333,1410,1,3.0,3.0,0.0,2,Healthy Accounts
C01214,Company 1214,Consulting,51-200,Asia-Pacific,Organic,Business,Active,199.0,34,196,1029,0,0.0,0.0,199.0,2,Healthy Accounts
C01215,Company 1215,Retail,51-200,North America,Organic,Enterprise,Active,599.0,19,156,1223,6,1.8333333333333333,2.8333333333333335,16173.0,0,Enterprise Value
C01216,Company 1216,Healthcare,1-10,Europe,Outbound,Free,Active,0.0,24,225,959,2,2.0,5.0,0.0,1,Growth Potential
C01217,Company 1217,Finance,1-10,Europe,Organic,Starter,Active,29.0,36,310,1675,2,4.5,4.5,290.0,2,Healthy Accounts
C01218,Company 1218,Media,1-10,North America,Outbound,Free,Active,0.0,53,455,2885,0,0.0,0.0,0.0,2,Healthy Accounts
C01219,Company 1219,SaaS,1-10,Europe,Referral,Pro,Active,79.0,18,109,584,2,1.0,3.0,395.0,1,Growth Potential
C01220,Company 1220,SaaS,1-10,Asia-Pacific,Organic,Starter,Active,29.0,18,168,892,5,5.4,4.333333333333333,580.0,1,Growth Potential
C01221,Company 1221,Education,201-1000,North America,Organic,Business,Active,199.0,10,76,589,4,4.25,4.5,2189.0,1,Growth Potential
C01222,Company 1222,Retail,1-10,Latin America,Organic,Pro,Active,79.0,22,150,1135,0,0.0,0.0,790.0,1,Growth Potential
C01223,Company 1223,Education,11-50,Europe,Outbound,Pro,Active,79.0,38,347,1975,7,2.0,3.7142857142857144,2212.0,2,Healthy Accounts
C01224,Company 1224,SaaS,1-10,Europe,Referral,Starter,Active,29.0,40,497,3495,5,2.2,2.75,638.0,2,Healthy Accounts
C01225,Company 1225,SaaS,1000+,Latin America,Organic,Enterprise,Active,599.0,15,93,607,6,2.6666666666666665,2.6666666666666665,11771.0,0,Enterprise Value
C01226,Company 1226,Consulting,201-1000,North America,Partner,Enterprise,Active,599.0,31,284,1172,3,2.6666666666666665,2.3333333333333335,5990.0,0,Enterprise Value
C01227,Company 1227,Healthcare,11-50,Asia-Pacific,Partner,Pro,Active,79.0,50,550,3138,1,2.0,0.0,869.0,2,Healthy Accounts
C01228,Company 1228,Media,11-50,North America,Paid Search,Starter,Active,29.0,3,29,228,1,1.0,5.0,87.0,1,Growth Potential
C01229,Company 1229,Healthcare,1-10,Europe,Organic,Starter,Active,29.0,32,354,1915,4,6.25,3.5,348.0,2,Healthy Accounts
C01230,Company 1230,SaaS,51-200,North America,Paid Search,Pro,Active,79.0,16,93,586,1,4.0,1.0,237.0,1,Growth Potential
C01231,Company 1231,Retail,1-10,Europe,Organic,Starter,Active,29.0,15,162,1109,2,1.0,2.0,174.0,1,Growth Potential
C01232,Company 1232,Media,1-10,North America,Paid Search,Pro,Active,79.0,20,187,1129,1,1.0,3.0,316.0,1,Growth Potential
C01233,Company 1233,Manufacturing,201-1000,North America,Outbound,Business,Active,199.0,30,84,462,1,1.0,2.0,597.0,1,Growth Potential
C01234,Company 1234,Finance,51-200,North America,Paid Search,Business,Active,199.0,15,146,295,1,1.0,0.0,1990.0,1,Growth Potential
C01235,Company 1235,Finance,11-50,Asia-Pacific,Referral,Pro,Active,79.0,27,201,291,3,3.0,3.3333333333333335,1896.0,1,Growth Potential
C01236,Company 1236,Manufacturing,1-10,North America,Partner,Starter,Active,29.0,37,408,2740,3,6.0,4.0,232.0,2,Healthy Accounts
C01237,Company 1237,Consulting,1-10,North America,Outbound,Starter,Active,29.0,38,414,2550,1,4.0,0.0,493.0,2,Healthy Accounts
C01238,Company 1238,Media,51-200,North America,Outbound,Business,Active,199.0,22,178,1040,0,0.0,0.0,1791.0,1,Growth Potential
C01239,Company 1239,Healthcare,1000+,Asia-Pacific,Paid Search,Business,Active,199.0,22,240,598,1,4.0,0.0,1990.0,1,Growth Potential
C01240,Company 1240,Education,1-10,Europe,Paid Search,Free,Active,0.0,33,177,1341,1,1.0,5.0,0.0,2,Healthy Accounts
C01241,Company 1241,Finance,1-10,Europe,Referral,Free,Active,0.0,21,125,150,0,0.0,0.0,0.0,1,Growth Potential
C01242,Company 1242,Manufacturing,1000+,North America,Paid Search,Enterprise,Active,599.0,34,223,843,8,3.625,3.8333333333333335,17371.0,0,Enterprise Value
C01243,Company 1243,Consulting,51-200,Asia-Pacific,Referral,Business,Active,199.0,51,359,985,4,3.0,3.5,4577.0,2,Healthy Accounts
C01244,Company 1244,Retail,1-10,Europe,Paid Search,Starter,Active,29.0,20,216,1198,3,2.3333333333333335,3.0,232.0,1,Growth Potential
C01245,Company 1245,Media,201-1000,Asia-Pacific,Organic,Business,Active,199.0,17,156,580,2,7.5,4.0,5572.0,1,Growth Potential
C01246,Company 1246,Media,11-50,Europe,Organic,Business,Active,199.0,1,9,47,1,7.0,4.0,3140.0,1,Growth Potential
C01247,Company 1247,Retail,1-10,Asia-Pacific,Paid Search,Free,Active,0.0,20,243,1305,0,0.0,0.0,0.0,1,Growth Potential
C01248,Company 1248,Media,11-50,Europe,Organic,Pro,Active,79.0,6,62,418,0,0.0,0.0,316.0,1,Growth Potential
C01249,Company 1249,Consulting,11-50,Europe,Paid Search,Starter,Active,29.0,1,9,50,1,2.0,1.0,406.0,1,Growth Potential
C01250,Company 1250,Consulting,11-50,Europe,Paid Search,Starter,Active,29.0,1,6,35,2,2.0,4.0,261.0,1,Growth Potential
C01251,Company 1251,Retail,11-50,North America,Paid Search,Starter,Active,29.0,24,275,1955,5,1.8,2.25,986.0,2,Healthy Accounts
C01252,Company 1252,Manufacturing,11-50,North America,Organic,Starter,Active,29.0,29,244,999,3,3.3333333333333335,2.3333333333333335,464.0,2,Healthy Accounts
C01253,Company 1253,Media,51-200,North America,Referral,Pro,Active,79.0,47,373,2139,3,5.333333333333333,2.0,1027.0,2,Healthy Accounts
C01254,Company 1254,SaaS,1000+,Europe,Paid Search,Enterprise,Active,599.0,15,141,670,3,1.3333333333333333,3.3333333333333335,8380.0,0,Enterprise Value
C01255,Company 1255,Finance,1-10,Asia-Pacific,Organic,Starter,Active,29.0,19,179,393,5,1.4,3.5,435.0,1,Growth Potential
C01256,Company 1256,Healthcare,201-1000,North America,Organic,Enterprise,Active,599.0,29,307,1542,2,2.5,3.5,4193.0,0,Enterprise Value
C01257,Company 1257,Media,1-10,Europe,Referral,Free,Active,0.0,31,222,960,1,1.0,1.0,0.0,2,Healthy Accounts
C01258,Company 1258,SaaS,1-10,Latin America,Referral,Starter,Active,29.0,8,89,372,3,2.0,4.0,319.0,1,Growth Potential
C01259,Company 1259,Finance,11-50,Asia-Pacific,Organic,Pro,Active,79.0,48,386,1658,6,2.5,3.6666666666666665,1891.0,2,Healthy Accounts
C01260,Company 1260,Consulting,51-200,Europe,Organic,Pro,Active,79.0,47,477,1560,2,4.0,5.0,869.0,2,Healthy Accounts
C01261,Company 1261,Media,1-10,North America,Organic,Pro,Active,79.0,17,179,977,1,1.0,0.0,1591.0,1,Growth Potential
C01262,Company 1262,Retail,201-1000,North America,Paid Search,Business,Active,199.0,15,80,394,2,1.0,1.5,2985.0,1,Growth Potential
C01263,Company 1263,Education,1000+,Europe,Paid Search,Enterprise,Active,599.0,8,84,544,2,4.0,3.5,10183.0,0,Enterprise Value
C01264,Company 1264,Manufacturing,51-200,North America,Referral,Pro,Active,79.0,23,241,1198,0,0.0,0.0,79.0,1,Growth Potential
C01265,Company 1265,Finance,11-50,Europe,Organic,Starter,Active,29.0,21,161,925,3,4.0,3.0,406.0,1,Growth Potential
C01266,Company 1266,Manufacturing,11-50,North America,Organic,Business,Active,199.0,15,118,637,2,2.0,1.0,1393.0,1,Growth Potential
C01267,Company 1267,Healthcare,1-10,Asia-Pacific,Paid Search,Pro,Active,79.0,47,507,2814,0,0.0,0.0,158.0,2,Healthy Accounts
C01268,Company 1268,Education,201-1000,Europe,Referral,Business,Active,199.0,24,265,1038,0,0.0,0.0,995.0,1,Growth Potential
C01269,Company 1269,Media,1-10,Latin America,Referral,Starter,Active,29.0,30,324,1937,3,3.0,4.0,797.0,2,Healthy Accounts
C01270,Company 1270,Healthcare,11-50,North America,Paid Search,Pro,Active,79.0,11,105,544,1,2.0,3.0,748.0,1,Growth Potential
C01271,Company 1271,Finance,201-1000,Europe,Paid Search,Business,Active,199.0,31,191,887,2,2.0,4.5,1791.0,1,Growth Potential
C01272,Company 1272,Healthcare,1-10,North America,Organic,Free,Active,0.0,11,123,355,5,2.6,3.0,0.0,1,Growth Potential
C01273,Company 1273,Education,11-50,North America,Organic,Starter,Active,29.0,7,51,208,2,3.0,3.5,464.0,1,Growth Potential
C01274,Company 1274,Media,11-50,Europe,Paid Search,Pro,Active,79.0,26,238,381,3,8.666666666666666,2.6666666666666665,1662.0,1,Growth Potential
C01275,Company 1275,SaaS,1-10,North America,Organic,Free,Active,0.0,35,398,2224,4,2.25,2.75,0.0,2,Healthy Accounts
C01276,Company 1276,SaaS,51-200,Latin America,Organic,Business,Active,199.0,15,129,731,0,0.0,0.0,796.0,1,Growth Potential
C01277,Company 1277,Finance,51-200,North America,Organic,Pro,Active,79.0,18,163,755,4,2.75,2.75,1185.0,1,Growth Potential
C01278,Company 1278,Media,201-1000,Asia-Pacific,Partner,Business,Active,199.0,12,88,367,2,1.0,2.0,6573.0,1,Growth Potential
C01279,Company 1279,Healthcare,11-50,North America,Outbound,Pro,Active,79.0,43,506,3013,0,0.0,0.0,237.0,2,Healthy Accounts
C01280,Company 1280,Retail,201-1000,Europe,Paid Search,Business,Active,199.0,33,300,1916,11,3.090909090909091,3.2,3371.0,2,Healthy Accounts
C01281,Company 1281,Manufacturing,1-10,North America,Organic,Pro,Active,79.0,16,122,578,1,4.0,3.0,711.0,1,Growth Potential
C01282,Company 1282,Media,51-200,North America,Referral,Pro,Active,79.0,20,207,938,1,1.0,5.0,2903.0,1,Growth Potential
C01283,Company 1283,Consulting,1-10,North America,Partner,Starter,Active,29.0,43,447,2277,8,3.5,2.0,957.0,2,Healthy Accounts
C01284,Company 1284,Finance,11-50,North America,Paid Search,Pro,Active,79.0,27,231,1075,3,3.0,4.333333333333333,632.0,2,Healthy Accounts
C01285,Company 1285,Retail,11-50,Asia-Pacific,Organic,Pro,Active,79.0,11,55,321,4,1.25,2.6666666666666665,1106.0,1,Growth Potential
C01286,Company 1286,Retail,11-50,North America,Referral,Starter,Active,29.0,42,276,1513,2,1.5,4.5,145.0,2,Healthy Accounts
C01287,Company 1287,SaaS,201-1000,Europe,Referral,Business,Active,199.0,12,123,504,4,5.25,4.0,3582.0,1,Growth Potential
C01288,Company 1288,Manufacturing,1-10,Asia-Pacific,Paid Search,Starter,Active,29.0,20,159,1181,1,2.0,5.0,116.0,1,Growth Potential
C01289,Company 1289,Consulting,11-50,North America,Organic,Business,Active,199.0,21,236,1220,0,0.0,0.0,1990.0,1,Growth Potential
C01290,Company 1290,Retail,201-1000,North America,Partner,Enterprise,Active,599.0,39,357,1350,2,7.0,1.0,11980.0,0,Enterprise Value
C01291,Company 1291,Healthcare,1-10,Asia-Pacific,Outbound,Starter,Active,29.0,1,10,34,2,1.0,2.0,232.0,1,Growth Potential
C01292,Company 1292,Media,201-1000,Asia-Pacific,Referral,Business,Active,199.0,1,6,17,4,4.0,3.0,3582.0,1,Growth Potential
C01293,Company 1293,Consulting,201-1000,Europe,Outbound,Enterprise,Active,599.0,18,165,960,1,1.0,2.0,3594.0,0,Enterprise Value
C01294,Company 1294,Media,201-1000,Asia-Pacific,Organic,Enterprise,Active,599.0,21,199,1012,1,1.0,2.0,3594.0,0,Enterprise Value
C01295,Company 1295,Finance,51-200,North America,Referral,Business,Active,199.0,38,294,1266,1,1.0,1.0,2587.0,2,Healthy Accounts
C01296,Company 1296,SaaS,11-50,Europe,Organic,Starter,Active,29.0,11,89,510,9,2.444444444444444,3.5714285714285716,1196.0,1,Growth Potential
C01297,Company 1297,Healthcare,51-200,North America,Outbound,Pro,Active,79.0,30,256,1390,5,4.4,4.5,1817.0,2,Healthy Accounts
C01298,Company 1298,Finance,51-200,North America,Organic,Pro,Active,79.0,4,44,213,6,2.5,3.8333333333333335,1501.0,1,Growth Potential
C01299,Company 1299,Healthcare,11-50,Asia-Pacific,Partner,Starter,Active,29.0,42,385,2686,1,2.0,4.0,232.0,2,Healthy Accounts
C01300,Company 1300,Consulting,51-200,Asia-Pacific,Organic,Pro,Active,79.0,39,367,2080,1,1.0,0.0,648.0,2,Healthy Accounts
C01301,Company 1301,Manufacturing,1-10,Asia-Pacific,Referral,Starter,Active,29.0,18,156,888,2,1.5,4.0,290.0,1,Growth Potential
C01302,Company 1302,Media,1-10,Asia-Pacific,Paid Search,Starter,Active,29.0,12,98,375,7,2.0,3.0,493.0,1,Growth Potential
C01303,Company 1303,Education,1-10,Asia-Pacific,Organic,Free,Active,0.0,24,226,1179,1,1.0,0.0,0.0,1,Growth Potential
C01304,Company 1304,Healthcare,1-10,North America,Referral,Starter,Active,29.0,11,106,673,3,1.0,1.3333333333333333,174.0,1,Growth Potential
C01305,Company 1305,Manufacturing,11-50,North America,Organic,Pro,Active,79.0,43,361,1791,5,1.0,3.75,4972.0,2,Healthy Accounts
C01306,Company 1306,Consulting,1-10,Asia-Pacific,Paid Search,Pro,Active,79.0,6,54,233,2,2.0,4.5,237.0,1,Growth Potential
C01307,Company 1307,Education,1-10,Latin America,Referral,Starter,Active,29.0,17,153,825,5,2.0,4.0,522.0,1,Growth Potential
C01308,Company 1308,Healthcare,1-10,Europe,Paid Search,Free,Active,0.0,25,246,1032,1,1.0,0.0,0.0,1,Growth Potential
C01309,Company 1309,Retail,11-50,Asia-Pacific,Partner,Pro,Active,79.0,21,157,927,4,3.5,3.5,1230.0,1,Growth Potential
C01310,Company 1310,Healthcare,11-50,North America,Paid Search,Starter,Active,29.0,1,8,31,1,1.0,4.0,464.0,1,Growth Potential
C01311,Company 1311,Education,1-10,North America,Paid Search,Starter,Active,29.0,32,286,1145,1,1.0,3.0,174.0,2,Healthy Accounts
C01312,Company 1312,Manufacturing,1-10,Latin America,Paid Search,Free,Active,0.0,14,124,563,0,0.0,0.0,0.0,1,Growth Potential
C01313,Company 1313,Media,51-200,Asia-Pacific,Referral,Business,Active,199.0,35,353,1950,3,2.0,2.6666666666666665,3781.0,2,Healthy Accounts
C01314,Company 1314,SaaS,1-10,North America,Paid Search,Free,Active,0.0,18,240,1341,1,1.0,3.0,0.0,1,Growth Potential
C01315,Company 1315,SaaS,11-50,North America,Paid Search,Starter,Active,29.0,33,309,1297,1,8.0,1.0,87.0,2,Healthy Accounts
C01316,Company 1316,Media,11-50,Europe,Organic,Starter,Active,29.0,18,217,1347,3,1.0,3.5,812.0,1,Growth Potential
C01317,Company 1317,Healthcare,1000+,North America,Paid Search,Business,Active,199.0,41,334,750,0,0.0,0.0,597.0,2,Healthy Accounts
C01318,Company 1318,Consulting,11-50,North America,Organic,Starter,Active,29.0,22,170,525,1,1.0,0.0,87.0,1,Growth Potential
C01319,Company 1319,Retail,51-200,North America,Paid Search,Business,Active,199.0,39,453,1531,4,1.75,3.3333333333333335,3980.0,2,Healthy Accounts
C01320,Company 1320,Retail,1000+,Asia-Pacific,Paid Search,Enterprise,Active,599.0,1,10,33,0,0.0,0.0,4193.0,0,Enterprise Value
C01321,Company 1321,Retail,1-10,Europe,Outbound,Free,Active,0.0,20,185,881,3,3.0,3.3333333333333335,0.0,1,Growth Potential
C01322,Company 1322,Consulting,201-1000,Asia-Pacific,Organic,Enterprise,Active,599.0,1,8,58,6,2.5,3.0,11777.0,0,Enterprise Value
C01323,Company 1323,Consulting,11-50,North America,Partner,Pro,Active,79.0,19,168,1083,3,4.333333333333333,2.3333333333333335,711.0,1,Growth Potential
C01324,Company 1324,Consulting,1-10,North America,Organic,Starter,Active,29.0,13,82,440,1,2.0,0.0,145.0,1,Growth Potential
C01325,Company 1325,Consulting,11-50,North America,Partner,Pro,Active,79.0,2,16,48,2,1.0,4.5,237.0,1,Growth Potential
C01326,Company 1326,Consulting,1000+,Europe,Paid Search,Business,Active,199.0,36,255,614,0,0.0,0.0,995.0,2,Healthy Accounts
C01327,Company 1327,Retail,1-10,North America,Organic,Free,Active,0.0,16,173,260,1,1.0,0.0,0.0,1,Growth Potential
C01328,Company 1328,Education,51-200,Europe,Outbound,Business,Active,199.0,16,166,730,4,2.75,4.666666666666667,2587.0,1,Growth Potential
C01329,Company 1329,Media,11-50,Latin America,Referral,Pro,Active,79.0,38,289,1213,3,3.0,2.6666666666666665,1530.0,2,Healthy Accounts
C01330,Company 1330,Manufacturing,51-200,North America,Referral,Pro,Active,79.0,1,9,50,3,1.6666666666666667,3.6666666666666665,1280.0,1,Growth Potential
C01331,Company 1331,Finance,11-50,Asia-Pacific,Referral,Starter,Active,29.0,21,128,626,4,2.75,3.75,638.0,1,Growth Potential
C01332,Company 1332,Consulting,1-10,Europe,Paid Search,Starter,Active,29.0,6,49,323,2,1.0,2.5,519.0,1,Growth Potential
C01333,Company 1333,SaaS,11-50,Europe,Organic,Pro,Active,79.0,23,214,812,2,2.5,1.0,474.0,1,Growth Potential
C01334,Company 1334,Healthcare,11-50,North America,Referral,Starter,Active,29.0,40,373,2205,2,2.0,2.5,174.0,2,Healthy Accounts
C01335,Company 1335,SaaS,51-200,Asia-Pacific,Organic,Business,Active,199.0,24,253,1340,1,1.0,4.0,2189.0,2,Healthy Accounts
C01336,Company 1336,Education,1-10,Latin America,Organic,Free,Active,0.0,19,90,584,1,3.0,2.0,0.0,1,Growth Potential
C01337,Company 1337,Healthcare,1-10,North America,Outbound,Free,Active,0.0,55,541,3082,1,2.0,0.0,0.0,2,Healthy Accounts
C01338,Company 1338,Healthcare,1-10,North America,Referral,Free,Active,0.0,30,213,729,1,7.0,3.0,0.0,1,Growth Potential
C01339,Company 1339,Retail,51-200,Asia-Pacific,Referral,Business,Active,199.0,39,348,1489,8,1.5,3.7142857142857144,5373.0,2,Healthy Accounts
C01340,Company 1340,Manufacturing,11-50,Europe,Organic,Business,Active,199.0,26,176,585,0,0.0,0.0,796.0,1,Growth Potential
C01341,Company 1341,Retail,11-50,Europe,Paid Search,Pro,Active,79.0,34,216,659,2,6.0,5.0,553.0,1,Growth Potential
C01342,Company 1342,Manufacturing,1-10,Europe,Paid Search,Starter,Active,29.0,25,227,1329,1,1.0,0.0,203.0,2,Healthy Accounts
C01343,Company 1343,Manufacturing,51-200,Latin America,Organic,Enterprise,Active,599.0,28,232,847,2,5.5,0.0,4193.0,0,Enterprise Value
C01344,Company 1344,Consulting,51-200,Europe,Referral,Business,Active,199.0,21,197,741,0,0.0,0.0,199.0,1,Growth Potential
C01345,Company 1345,Finance,1-10,Asia-Pacific,Paid Search,Starter,Active,29.0,21,165,444,0,0.0,0.0,87.0,1,Growth Potential
C01346,Company 1346,Retail,1-10,Asia-Pacific,Partner,Free,Active,0.0,25,177,1134,0,0.0,0.0,0.0,1,Growth Potential
C01347,Company 1347,Finance,11-50,Asia-Pacific,Paid Search,Starter,Active,29.0,1,6,13,2,5.0,2.0,58.0,1,Growth Potential
C01348,Company 1348,Finance,1-10,Europe,Paid Search,Starter,Active,29.0,21,286,1218,2,1.0,4.5,261.0,2,Healthy Accounts
C01349,Company 1349,SaaS,11-50,North America,Referral,Pro,Active,79.0,35,329,2575,1,1.0,3.0,395.0,2,Healthy Accounts
C01350,Company 1350,Media,1-10,North America,Organic,Free,Active,0.0,17,157,922,0,0.0,0.0,0.0,1,Growth Potential
C01351,Company 1351,Consulting,201-1000,Asia-Pacific,Organic,Enterprise,Active,599.0,22,330,1648,3,5.333333333333333,2.3333333333333335,2995.0,0,Enterprise Value
C01352,Company 1352,Healthcare,51-200,North America,Organic,Business,Active,199.0,11,91,350,9,1.6666666666666667,2.8333333333333335,4776.0,1,Growth Potential
C01353,Company 1353,Finance,51-200,Europe,Referral,Pro,Active,79.0,1,8,29,1,3.0,0.0,474.0,1,Growth Potential
C01354,Company 1354,Healthcare,1-10,Europe,Organic,Free,Active,0.0,31,348,1412,1,1.0,5.0,0.0,2,Healthy Accounts
C01355,Company 1355,Consulting,51-200,North America,Outbound,Pro,Active,79.0,1,9,63,1,13.0,2.0,1270.0,1,Growth Potential
C01356,Company 1356,Media,51-200,Asia-Pacific,Partner,Business,Active,199.0,50,369,1882,3,1.6666666666666667,2.6666666666666665,4776.0,2,Healthy Accounts
C01357,Company 1357,Finance,1-10,Asia-Pacific,Organic,Free,Active,0.0,48,589,3667,4,2.5,3.5,0.0,2,Healthy Accounts
C01358,Company 1358,Healthcare,201-1000,Europe,Organic,Enterprise,Active,599.0,26,202,1224,2,1.0,2.0,4193.0,0,Enterprise Value
C01359,Company 1359,Education,201-1000,North America,Outbound,Enterprise,Active,599.0,1,10,49,2,5.5,5.0,2995.0,0,Enterprise Value
C01360,Company 1360,Finance,1-10,North America,Paid Search,Starter,Active,29.0,28,257,1731,4,3.25,4.0,743.0,2,Healthy Accounts
C01361,Company 1361,Consulting,51-200,Europe,Paid Search,Pro,Active,79.0,19,196,1441,2,3.0,3.5,594.0,1,Growth Potential
C01362,Company 1362,Media,11-50,North America,Organic,Starter,Active,29.0,22,236,1626,0,0.0,0.0,290.0,2,Healthy Accounts
C01363,Company 1363,Media,1-10,Latin America,Outbound,Pro,Active,79.0,27,272,1681,1,1.0,0.0,237.0,2,Healthy Accounts
C01364,Company 1364,Retail,51-200,North America,Referral,Pro,Active,79.0,16,143,1123,2,2.0,3.0,711.0,1,Growth Potential
C01365,Company 1365,Consulting,11-50,North America,Referral,Business,Active,199.0,27,243,1154,5,1.8,2.4,4179.0,2,Healthy Accounts
C01366,Company 1366,Manufacturing,11-50,Europe,Paid Search,Starter,Active,29.0,26,206,1654,0,0.0,0.0,377.0,2,Healthy Accounts
C01367,Company 1367,Consulting,201-1000,North America,Paid Search,Business,Active,199.0,49,492,2317,1,1.0,0.0,2388.0,2,Healthy Accounts
C01368,Company 1368,Healthcare,11-50,North America,Paid Search,Starter,Active,29.0,22,91,319,2,1.0,4.0,609.0,1,Growth Potential
C01369,Company 1369,Education,11-50,Europe,Paid Search,Pro,Active,79.0,1,8,45,3,1.0,2.5,1106.0,1,Growth Potential
C01370,Company 1370,Consulting,201-1000,North America,Outbound,Business,Active,199.0,1,10,50,2,1.5,3.5,3184.0,1,Growth Potential
C01371,Company 1371,Media,51-200,Asia-Pacific,Paid Search,Pro,Active,79.0,33,155,867,3,1.6666666666666667,4.333333333333333,2028.0,1,Growth Potential
C01372,Company 1372,Healthcare,51-200,Europe,Outbound,Business,Active,199.0,10,82,458,2,3.0,5.0,2388.0,1,Growth Potential
C01373,Company 1373,Consulting,51-200,North America,Organic,Business,Active,199.0,20,176,811,6,2.5,2.6,4018.0,1,Growth Potential
C01374,Company 1374,Media,1-10,Latin America,Paid Search,Starter,Active,29.0,20,125,625,1,1.0,3.0,87.0,1,Growth Potential
C01375,Company 1375,SaaS,1-10,Latin America,Organic,Starter,Active,29.0,1,10,87,1,1.0,3.0,232.0,1,Growth Potential
C01376,Company 1376,Healthcare,201-1000,North America,Paid Search,Business,Active,199.0,11,104,502,0,0.0,0.0,597.0,1,Growth Potential
C01377,Company 1377,Media,1-10,North America,Organic,Free,Active,0.0,4,32,236,2,1.0,2.5,0.0,1,Growth Potential
C01378,Company 1378,Retail,1-10,Latin America,Organic,Free,Active,0.0,28,343,1375,1,2.0,2.0,0.0,2,Healthy Accounts
C01379,Company 1379,Retail,51-200,Asia-Pacific,Outbound,Pro,Active,79.0,28,306,2187,1,2.0,3.0,158.0,2,Healthy Accounts
C01380,Company 1380,SaaS,11-50,Latin America,Organic,Starter,Active,29.0,16,178,1060,1,3.0,3.0,174.0,1,Growth Potential
C01381,Company 1381,Finance,51-200,Latin America,Partner,Pro,Active,79.0,16,145,294,1,3.0,2.0,237.0,1,Growth Potential
C01382,Company 1382,Finance,51-200,North America,Organic,Pro,Active,79.0,26,180,1301,3,1.3333333333333333,3.0,632.0,2,Healthy Accounts
C01383,Company 1383,Healthcare,201-1000,Asia-Pacific,Partner,Business,Active,199.0,25,216,805,1,1.0,1.0,1393.0,1,Growth Potential
C01384,Company 1384,Finance,51-200,North America,Paid Search,Business,Active,199.0,43,277,1882,3,3.0,5.0,2388.0,2,Healthy Accounts
C01385,Company 1385,Education,11-50,Europe,Organic,Pro,Active,79.0,18,157,913,1,5.0,5.0,474.0,1,Growth Potential
C01386,Company 1386,Consulting,51-200,North America,Organic,Enterprise,Active,599.0,13,88,518,0,0.0,0.0,1797.0,0,Enterprise Value
C01387,Company 1387,Media,1-10,North America,Organic,Free,Active,0.0,7,48,184,1,1.0,0.0,0.0,1,Growth Potential
C01388,Company 1388,Media,1-10,Asia-Pacific,Referral,Free,Active,0.0,23,252,1104,4,2.0,2.3333333333333335,0.0,2,Healthy Accounts
C01389,Company 1389,Media,51-200,Asia-Pacific,Paid Search,Pro,Active,79.0,13,170,670,1,1.0,3.0,158.0,1,Growth Potential
C01390,Company 1390,SaaS,51-200,Europe,Paid Search,Business,Active,199.0,23,155,841,1,1.0,3.0,1393.0,1,Growth Potential
C01391,Company 1391,Finance,51-200,North America,Paid Search,Pro,Active,79.0,21,194,1071,1,1.0,5.0,869.0,1,Growth Potential
C01392,Company 1392,Media,11-50,North America,Outbound,Pro,Active,79.0,36,191,815,8,3.375,3.1666666666666665,1185.0,2,Healthy Accounts
C01393,Company 1393,SaaS,51-200,Latin America,Referral,Pro,Active,79.0,7,66,388,1,1.0,5.0,158.0,1,Growth Potential
C01394,Company 1394,Retail,1000+,Asia-Pacific,Paid Search,Business,Active,199.0,26,290,1202,4,2.5,4.333333333333333,2107.0,2,Healthy Accounts
C01395,Company 1395,Retail,201-1000,Asia-Pacific,Organic,Enterprise,Active,599.0,8,79,160,3,3.0,3.5,5586.0,0,Enterprise Value
C01396,Company 1396,Education,51-200,Asia-Pacific,Paid Search,Business,Active,199.0,3,24,79,1,3.0,0.0,796.0,1,Growth Potential
C01397,Company 1397,Media,51-200,Asia-Pacific,Outbound,Pro,Active,79.0,29,349,1135,1,2.0,4.0,395.0,2,Healthy Accounts
C01398,Company 1398,Media,1-10,Asia-Pacific,Paid Search,Starter,Active,29.0,45,497,1840,2,3.0,2.5,203.0,2,Healthy Accounts
C01399,Company 1399,Education,11-50,North America,Paid Search,Pro,Active,79.0,37,493,1847,3,3.3333333333333335,3.0,1905.0,2,Healthy Accounts
C01400,Company 1400,Healthcare,11-50,North America,Referral,Pro,Active,79.0,17,170,386,0,0.0,0.0,1501.0,1,Growth Potential
C01401,Company 1401,Media,1-10,Latin America,Outbound,Free,Active,0.0,26,160,726,5,2.6,1.75,0.0,1,Growth Potential
C01402,Company 1402,Retail,51-200,Europe,Outbound,Business,Active,199.0,56,505,1007,5,3.6,2.5,2587.0,2,Healthy Accounts
C01403,Company 1403,Finance,1-10,Europe,Referral,Starter,Active,29.0,47,499,2533,5,3.2,3.75,1065.0,2,Healthy Accounts
C01404,Company 1404,Education,11-50,North America,Partner,Business,Active,199.0,24,100,713,2,1.5,1.5,2145.0,1,Growth Potential
C01405,Company 1405,Healthcare,51-200,Europe,Outbound,Business,Active,199.0,43,356,2047,1,1.0,2.0,398.0,2,Healthy Accounts
C01406,Company 1406,Education,51-200,Asia-Pacific,Organic,Enterprise,Active,599.0,1,11,66,0,0.0,0.0,5990.0,0,Enterprise Value
C01407,Company 1407,Media,11-50,Asia-Pacific,Organic,Pro,Active,79.0,35,243,1363,2,2.5,2.0,632.0,2,Healthy Accounts
C01408,Company 1408,Healthcare,1-10,Europe,Paid Search,Free,Active,0.0,45,395,2081,1,10.0,0.0,0.0,2,Healthy Accounts
C01409,Company 1409,Media,1-10,Europe,Referral,Free,Active,0.0,12,89,482,0,0.0,0.0,0.0,1,Growth Potential
C01410,Company 1410,Consulting,51-200,Europe,Outbound,Pro,Active,79.0,21,180,1273,3,4.333333333333333,3.0,553.0,1,Growth Potential
C01411,Company 1411,Media,51-200,Asia-Pacific,Partner,Business,Active,199.0,21,211,1399,1,1.0,2.0,2786.0,1,Growth Potential
C01412,Company 1412,Consulting,11-50,North America,Paid Search,Pro,Active,79.0,29,239,1099,1,6.0,0.0,158.0,2,Healthy Accounts
C01413,Company 1413,Education,201-1000,Europe,Organic,Enterprise,Active,599.0,13,137,496,1,6.0,1.0,5391.0,0,Enterprise Value
C01414,Company 1414,Manufacturing,51-200,Latin America,Partner,Pro,Active,79.0,9,86,305,2,1.5,3.0,790.0,1,Growth Potential
C01415,Company 1415,Finance,11-50,North America,Paid Search,Pro,Active,79.0,15,149,1012,3,4.0,3.5,1343.0,1,Growth Potential
C01416,Company 1416,Manufacturing,1-10,North America,Organic,Starter,Active,29.0,24,163,762,1,3.0,5.0,87.0,1,Growth Potential
C01417,Company 1417,Healthcare,1-10,North America,Paid Search,Starter,Active,29.0,39,322,1865,0,0.0,0.0,203.0,2,Healthy Accounts
C01418,Company 1418,Retail,1-10,North America,Outbound,Free,Active,0.0,19,166,924,1,1.0,5.0,0.0,1,Growth Potential
C01419,Company 1419,Finance,1-10,Asia-Pacific,Paid Search,Free,Active,0.0,54,505,3213,0,0.0,0.0,0.0,2,Healthy Accounts
C01420,Company 1420,Consulting,11-50,Asia-Pacific,Organic,Starter,Active,29.0,1,7,25,1,3.0,4.0,261.0,1,Growth Potential
C01421,Company 1421,Healthcare,11-50,Asia-Pacific,Referral,Pro,Active,79.0,22,222,1457,0,0.0,0.0,237.0,1,Growth Potential
C01422,Company 1422,Consulting,51-200,North America,Referral,Pro,Active,79.0,20,229,789,5,2.0,2.6,1106.0,1,Growth Potential
C01423,Company 1423,Media,1-10,North America,Referral,Starter,Active,29.0,19,188,756,4,2.5,1.6666666666666667,290.0,1,Growth Potential
C01424,Company 1424,Consulting,11-50,Asia-Pacific,Organic,Business,Active,199.0,34,382,918,4,1.5,2.0,4577.0,2,Healthy Accounts
C01425,Company 1425,Retail,201-1000,Europe,Referral,Business,Active,199.0,54,682,4268,8,4.375,2.8333333333333335,4132.0,2,Healthy Accounts
C01426,Company 1426,SaaS,51-200,Latin America,Organic,Business,Active,199.0,1,10,60,0,0.0,0.0,199.0,1,Growth Potential
C01427,Company 1427,SaaS,1-10,North America,Paid Search,Free,Active,0.0,44,236,1640,0,0.0,0.0,0.0,2,Healthy Accounts
C01428,Company 1428,Education,1-10,North America,Organic,Starter,Active,29.0,25,217,1232,2,4.0,3.5,203.0,2,Healthy Accounts
C01429,Company 1429,Manufacturing,1-10,North America,Paid Search,Free,Active,0.0,33,176,970,1,2.0,4.0,0.0,1,Growth Potential
C01430,Company 1430,Manufacturing,11-50,Europe,Partner,Starter,Active,29.0,37,377,2427,5,1.6,3.6,232.0,2,Healthy Accounts
C01431,Company 1431,Media,1-10,North America,Paid Search,Free,Active,0.0,41,556,3080,8,1.875,3.75,0.0,2,Healthy Accounts
C01432,Company 1432,Retail,1000+,North America,Paid Search,Enterprise,Active,599.0,15,101,380,3,2.0,3.3333333333333335,10782.0,0,Enterprise Value
C01433,Company 1433,Media,51-200,Europe,Organic,Pro,Active,79.0,26,270,1145,2,1.0,2.5,1826.0,2,Healthy Accounts
C01434,Company 1434,SaaS,11-50,Europe,Organic,Business,Active,199.0,14,150,743,0,0.0,0.0,2224.0,1,Growth Potential
C01435,Company 1435,Media,11-50,Asia-Pacific,Organic,Pro,Active,79.0,30,272,1536,2,1.5,1.0,2461.0,2,Healthy Accounts
C01436,Company 1436,Finance,11-50,North America,Outbound,Pro,Active,79.0,14,148,461,4,1.75,1.6666666666666667,1548.0,1,Growth Potential
C01437,Company 1437,Consulting,51-200,Europe,Referral,Pro,Active,79.0,28,99,280,1,1.0,2.0,237.0,1,Growth Potential
C01438,Company 1438,SaaS,11-50,North America,Organic,Starter,Active,29.0,31,276,757,2,1.0,3.0,261.0,2,Healthy Accounts
C01439,Company 1439,Education,1-10,Asia-Pacific,Organic,Starter,Active,29.0,30,334,1847,0,0.0,0.0,145.0,2,Healthy Accounts
C01440,Company 1440,Finance,1-10,North America,Partner,Starter,Active,29.0,39,431,2842,3,3.6666666666666665,3.3333333333333335,377.0,2,Healthy Accounts
C01441,Company 1441,Finance,1-10,Asia-Pacific,Paid Search,Starter,Active,29.0,16,115,807,0,0.0,0.0,87.0,1,Growth Potential
C01442,Company 1442,Manufacturing,1-10,Europe,Partner,Starter,Active,29.0,1,9,36,6,4.0,2.6666666666666665,464.0,1,Growth Potential
C01443,Company 1443,Media,51-200,Latin America,Paid Search,Pro,Active,79.0,1,7,20,0,0.0,0.0,316.0,1,Growth Potential
C01444,Company 1444,Retail,1-10,Europe,Outbound,Free,Active,0.0,56,599,4091,2,1.0,3.0,0.0,2,Healthy Accounts
C01445,Company 1445,Consulting,1-10,North America,Partner,Free,Active,0.0,37,272,1665,1,1.0,4.0,0.0,2,Healthy Accounts
C01446,Company 1446,Manufacturing,51-200,Asia-Pacific,Paid Search,Business,Active,199.0,21,168,600,2,2.0,1.0,4179.0,1,Growth Potential
C01447,Company 1447,SaaS,11-50,North America,Paid Search,Pro,Active,79.0,35,297,1761,0,0.0,0.0,0.0,2,Healthy Accounts
C01448,Company 1448,Media,11-50,Europe,Organic,Pro,Active,79.0,7,79,531,2,1.0,2.0,1185.0,1,Growth Potential
C01449,Company 1449,Media,51-200,North America,Partner,Pro,Active,79.0,17,149,718,0,0.0,0.0,237.0,1,Growth Potential
C01450,Company 1450,Manufacturing,201-1000,Europe,Organic,Enterprise,Active,599.0,20,125,515,3,1.3333333333333333,2.6666666666666665,2995.0,0,Enterprise Value
C01451,Company 1451,Manufacturing,1-10,North America,Referral,Pro,Active,79.0,25,219,740,1,1.0,1.0,474.0,1,Growth Potential
C01452,Company 1452,Healthcare,201-1000,Europe,Organic,Enterprise,Active,599.0,24,225,1402,4,3.25,2.5,10183.0,0,Enterprise Value
C01453,Company 1453,SaaS,11-50,Europe,Organic,Pro,Active,79.0,21,261,1866,2,3.0,3.0,711.0,2,Healthy Accounts
C01454,Company 1454,Consulting,11-50,Asia-Pacific,Referral,Pro,Active,79.0,16,178,987,3,4.666666666666667,2.6666666666666665,801.0,1,Growth Potential
C01455,Company 1455,Finance,51-200,Europe,Referral,Business,Active,199.0,21,232,1091,2,1.0,2.0,1194.0,1,Growth Potential
C01456,Company 1456,Media,51-200,Asia-Pacific,Paid Search,Pro,Active,79.0,6,74,336,2,3.5,4.0,869.0,1,Growth Potential
C01457,Company 1457,SaaS,11-50,North America,Outbound,Pro,Active,79.0,33,322,1432,3,3.3333333333333335,4.0,869.0,2,Healthy Accounts
C01458,Company 1458,Education,201-1000,Asia-Pacific,Paid Search,Enterprise,Active,599.0,12,94,352,8,5.125,3.6,9584.0,0,Enterprise Value
C01459,Company 1459,Education,51-200,North America,Referral,Business,Active,199.0,22,90,427,0,0.0,0.0,398.0,1,Growth Potential
C01460,Company 1460,Consulting,51-200,Latin America,Organic,Pro,Active,79.0,10,68,357,0,0.0,0.0,395.0,1,Growth Potential
C01461,Company 1461,Education,1-10,North America,Partner,Free,Active,0.0,30,241,1231,2,3.5,4.5,0.0,2,Healthy Accounts
C01462,Company 1462,Consulting,1-10,North America,Organic,Pro,Active,79.0,12,69,411,4,5.0,3.5,1501.0,1,Growth Potential
C01463,Company 1463,Healthcare,51-200,North America,Paid Search,Business,Active,199.0,26,324,1268,2,1.5,3.0,5572.0,2,Healthy Accounts
C01464,Company 1464,Education,51-200,Asia-Pacific,Organic,Business,Active,199.0,35,234,972,1,1.0,0.0,995.0,2,Healthy Accounts
C01465,Company 1465,Retail,1-10,Europe,Referral,Starter,Active,29.0,5,43,356,0,0.0,0.0,174.0,1,Growth Potential
C01466,Company 1466,SaaS,1-10,Asia-Pacific,Paid Search,Starter,Active,29.0,1,10,54,0,0.0,0.0,232.0,1,Growth Potential
C01467,Company 1467,Retail,11-50,North America,Partner,Starter,Active,29.0,19,186,909,0,0.0,0.0,58.0,1,Growth Potential
C01468,Company 1468,SaaS,11-50,Asia-Pacific,Paid Search,Starter,Active,29.0,4,24,103,1,1.0,5.0,174.0,1,Growth Potential
C01469,Company 1469,Consulting,1-10,North America,Partner,Starter,Active,29.0,45,360,1155,2,4.0,2.0,290.0,2,Healthy Accounts
C01470,Company 1470,SaaS,1-10,Latin America,Organic,Pro,Active,79.0,6,59,297,0,0.0,0.0,316.0,1,Growth Potential
C01471,Company 1471,Finance,1000+,Asia-Pacific,Paid Search,Enterprise,Active,599.0,16,117,720,8,3.5,2.7142857142857144,13777.0,0,Enterprise Value
C01472,Company 1472,Finance,1-10,North America,Organic,Starter,Active,29.0,21,189,1638,1,1.0,4.0,203.0,1,Growth Potential
C01473,Company 1473,Manufacturing,51-200,Asia-Pacific,Referral,Pro,Active,79.0,24,233,1197,3,5.333333333333333,2.0,1112.0,2,Healthy Accounts
C01474,Company 1474,Manufacturing,1-10,Asia-Pacific,Organic,Free,Active,0.0,23,183,660,2,2.5,5.0,0.0,1,Growth Potential
C01475,Company 1475,Finance,11-50,Asia-Pacific,Organic,Starter,Active,29.0,22,215,941,1,1.0,0.0,203.0,1,Growth Potential
C01476,Company 1476,Finance,51-200,North America,Referral,Pro,Active,79.0,23,163,526,0,0.0,0.0,474.0,1,Growth Potential
C01477,Company 1477,Finance,201-1000,Asia-Pacific,Paid Search,Enterprise,Active,599.0,8,62,258,6,1.8333333333333333,2.4,17970.0,0,Enterprise Value
C01478,Company 1478,Retail,201-1000,Europe,Paid Search,Enterprise,Active,599.0,13,114,223,0,0.0,0.0,3594.0,0,Enterprise Value
C01479,Company 1479,SaaS,1-10,North America,Referral,Pro,Active,79.0,22,180,890,0,0.0,0.0,1589.0,1,Growth Potential
C01480,Company 1480,Media,11-50,North America,Referral,Pro,Active,79.0,7,63,280,3,1.0,1.3333333333333333,790.0,1,Growth Potential
C01481,Company 1481,Media,11-50,Asia-Pacific,Paid Search,Starter,Active,29.0,32,249,976,1,1.0,4.0,174.0,2,Healthy Accounts
C01482,Company 1482,SaaS,11-50,Europe,Partner,Pro,Active,79.0,13,92,503,2,7.0,3.0,1027.0,1,Growth Potential
C01483,Company 1483,SaaS,11-50,Europe,Organic,Pro,Active,79.0,3,35,116,0,0.0,0.0,158.0,1,Growth Potential
C01484,Company 1484,Healthcare,11-50,Europe,Outbound,Starter,Active,29.0,31,328,394,2,3.0,4.5,406.0,2,Healthy Accounts
C01485,Company 1485,Consulting,11-50,North America,Paid Search,Starter,Active,29.0,22,214,1049,1,1.0,3.0,145.0,1,Growth Potential
C01486,Company 1486,Retail,51-200,Europe,Organic,Pro,Active,79.0,3,21,77,1,1.0,5.0,158.0,1,Growth Potential
C01487,Company 1487,Retail,201-1000,Europe,Referral,Business,Active,199.0,28,290,1588,2,1.5,5.0,1592.0,2,Healthy Accounts
C01488,Company 1488,Manufacturing,1-10,North America,Organic,Starter,Active,29.0,26,218,1237,7,4.0,3.25,1665.0,2,Healthy Accounts
C01489,Company 1489,Healthcare,11-50,North America,Referral,Pro,Active,79.0,1,9,49,0,0.0,0.0,158.0,1,Growth Potential
C01490,Company 1490,SaaS,51-200,Europe,Paid Search,Business,Active,199.0,31,256,1374,2,2.0,3.0,3383.0,2,Healthy Accounts
C01491,Company 1491,Education,1000+,Asia-Pacific,Referral,Enterprise,Active,599.0,34,338,2147,2,1.0,2.0,7188.0,0,Enterprise Value
C01492,Company 1492,Consulting,1-10,Europe,Paid Search,Pro,Active,79.0,15,179,983,3,4.666666666666667,4.0,632.0,1,Growth Potential
C01493,Company 1493,Manufacturing,201-1000,Europe,Paid Search,Business,Active,199.0,14,130,632,2,5.5,1.5,796.0,1,Growth Potential
C01494,Company 1494,SaaS,11-50,Europe,Organic,Pro,Active,79.0,27,247,944,1,1.0,5.0,869.0,1,Growth Potential
C01495,Company 1495,Consulting,51-200,Europe,Referral,Pro,Active,79.0,38,291,2244,5,4.2,3.3333333333333335,2941.0,2,Healthy Accounts
C01496,Company 1496,Manufacturing,11-50,Asia-Pacific,Referral,Pro,Active,79.0,31,406,2431,2,4.5,2.5,1349.0,2,Healthy Accounts
C01497,Company 1497,SaaS,1-10,North America,Organic,Free,Active,0.0,35,192,1209,4,2.25,1.6666666666666667,0.0,2,Healthy Accounts
C01498,Company 1498,Healthcare,11-50,North America,Paid Search,Business,Active,199.0,37,390,2587,4,1.5,2.5,2985.0,2,Healthy Accounts
C01499,Company 1499,Manufacturing,51-200,North America,Partner,Business,Active,199.0,34,302,1325,6,1.3333333333333333,3.3333333333333335,3143.0,2,Healthy Accounts
C01500,Company 1500,Education,1-10,Asia-Pacific,Organic,Starter,Active,29.0,29,244,1449,4,1.0,2.3333333333333335,696.0,2,Healthy Accounts
C01501,Company 1501,Healthcare,11-50,North America,Paid Search,Starter,Active,29.0,29,348,1865,5,2.6,2.25,725.0,2,Healthy Accounts
C01502,Company 1502,SaaS,201-1000,Asia-Pacific,Partner,Business,Active,199.0,35,280,858,4,2.25,2.0,5373.0,2,Healthy Accounts
C01503,Company 1503,Finance,11-50,North America,Outbound,Business,Active,199.0,10,130,764,1,2.0,0.0,3383.0,1,Growth Potential
C01504,Company 1504,Manufacturing,1-10,Europe,Organic,Free,Active,0.0,7,44,292,0,0.0,0.0,0.0,1,Growth Potential
C01505,Company 1505,Media,1000+,Asia-Pacific,Partner,Enterprise,Active,599.0,1,12,76,0,0.0,0.0,11381.0,0,Enterprise Value
C01506,Company 1506,Healthcare,1-10,Asia-Pacific,Outbound,Starter,Active,29.0,26,175,987,1,1.0,4.0,87.0,1,Growth Potential
C01507,Company 1507,Manufacturing,11-50,Europe,Referral,Starter,Active,29.0,36,334,934,3,5.0,2.5,174.0,2,Healthy Accounts
C01508,Company 1508,Education,201-1000,Asia-Pacific,Referral,Enterprise,Active,599.0,34,292,759,3,2.6666666666666665,2.5,5990.0,0,Enterprise Value
C01509,Company 1509,SaaS,51-200,Europe,Organic,Business,Active,199.0,28,283,1416,1,1.0,5.0,3383.0,2,Healthy Accounts
C01510,Company 1510,Consulting,201-1000,North America,Outbound,Business,Active,199.0,16,119,781,4,5.0,3.0,2985.0,1,Growth Potential
C01511,Company 1511,Finance,51-200,North America,Outbound,Pro,Active,79.0,20,178,1065,0,0.0,0.0,632.0,1,Growth Potential
C01512,Company 1512,Manufacturing,51-200,Europe,Referral,Business,Active,199.0,24,228,1669,0,0.0,0.0,995.0,2,Healthy Accounts
C01513,Company 1513,Consulting,1-10,Europe,Referral,Free,Active,0.0,19,161,863,1,1.0,3.0,0.0,1,Growth Potential
C01514,Company 1514,SaaS,11-50,North America,Referral,Pro,Active,79.0,29,263,1522,4,2.0,4.0,1384.0,2,Healthy Accounts
C01515,Company 1515,Education,11-50,North America,Organic,Pro,Active,79.0,30,277,989,5,5.8,3.0,869.0,2,Healthy Accounts
C01516,Company 1516,Manufacturing,11-50,North America,Partner,Starter,Active,29.0,1,7,31,1,5.0,5.0,348.0,1,Growth Potential
C01517,Company 1517,Consulting,1-10,Europe,Organic,Pro,Active,79.0,29,333,1813,5,2.8,4.333333333333333,2022.0,2,Healthy Accounts
C01518,Company 1518,Manufacturing,11-50,Europe,Paid Search,Starter,Active,29.0,36,292,1149,1,3.0,1.0,145.0,2,Healthy Accounts
C01519,Company 1519,Consulting,11-50,North America,Paid Search,Business,Active,199.0,37,282,1660,1,1.0,3.0,796.0,2,Healthy Accounts
C01520,Company 1520,Retail,1-10,Europe,Paid Search,Free,Active,0.0,6,54,162,4,5.0,4.0,0.0,1,Growth Potential
C01521,Company 1521,Finance,201-1000,Asia-Pacific,Organic,Business,Active,199.0,21,181,651,2,5.5,3.0,3980.0,1,Growth Potential
C01522,Company 1522,SaaS,1-10,Europe,Organic,Free,Active,0.0,40,312,1664,3,4.333333333333333,3.5,0.0,2,Healthy Accounts
C01523,Company 1523,Retail,1-10,Asia-Pacific,Organic,Pro,Active,79.0,19,167,1047,4,1.75,3.5,1343.0,1,Growth Potential
C01524,Company 1524,Healthcare,1-10,Latin America,Referral,Free,Active,0.0,3,27,89,3,1.3333333333333333,3.3333333333333335,0.0,1,Growth Potential
C01525,Company 1525,Manufacturing,1-10,Asia-Pacific,Organic,Starter,Active,29.0,28,295,795,4,2.0,2.6666666666666665,232.0,2,Healthy Accounts
C01526,Company 1526,SaaS,201-1000,Europe,Outbound,Enterprise,Active,599.0,34,282,1869,0,0.0,0.0,1198.0,0,Enterprise Value
C01527,Company 1527,Media,1000+,North America,Partner,Enterprise,Active,599.0,36,385,2230,4,3.0,2.3333333333333335,11381.0,0,Enterprise Value
C01528,Company 1528,Consulting,11-50,Asia-Pacific,Paid Search,Business,Active,199.0,7,71,436,0,0.0,0.0,796.0,1,Growth Potential
C01529,Company 1529,Education,11-50,Europe,Organic,Starter,Active,29.0,16,131,1084,1,1.0,1.0,232.0,1,Growth Potential
C01530,Company 1530,SaaS,1-10,North America,Paid Search,Starter,Active,29.0,12,118,937,1,8.0,1.0,116.0,1,Growth Potential
C01531,Company 1531,Consulting,1-10,Asia-Pacific,Referral,Free,Active,0.0,16,179,614,2,5.0,3.5,0.0,1,Growth Potential
C01532,Company 1532,Media,11-50,Asia-Pacific,Paid Search,Starter,Active,29.0,30,276,1656,7,3.142857142857143,3.5714285714285716,348.0,2,Healthy Accounts
C01533,Company 1533,SaaS,11-50,Latin America,Organic,Pro,Active,79.0,12,99,517,6,1.5,2.5,1896.0,1,Growth Potential
C01534,Company 1534,Media,1000+,Latin America,Partner,Enterprise,Active,599.0,1,6,36,1,7.0,3.0,2995.0,0,Enterprise Value
C01535,Company 1535,Media,201-1000,North America,Organic,Business,Active,199.0,20,240,623,5,1.4,2.0,4732.0,1,Growth Potential
C01536,Company 1536,Retail,11-50,North America,Partner,Pro,Active,79.0,15,98,681,1,1.0,1.0,711.0,1,Growth Potential
C01537,Company 1537,Consulting,51-200,North America,Organic,Pro,Active,79.0,22,150,444,2,1.5,2.5,474.0,1,Growth Potential
C01538,Company 1538,Retail,1-10,North America,Partner,Free,Active,0.0,11,96,339,3,1.6666666666666667,1.0,0.0,1,Growth Potential
C01539,Company 1539,SaaS,51-200,North America,Organic,Business,Active,199.0,10,83,502,0,0.0,0.0,398.0,1,Growth Potential
C01540,Company 1540,Media,1-10,North America,Outbound,Pro,Active,79.0,16,217,900,2,2.0,2.0,553.0,1,Growth Potential
C01541,Company 1541,Finance,1-10,North America,Paid Search,Pro,Active,79.0,19,231,966,2,4.0,3.0,869.0,1,Growth Potential
C01542,Company 1542,Media,1-10,Asia-Pacific,Organic,Starter,Active,29.0,15,172,812,1,1.0,0.0,145.0,1,Growth Potential
C01543,Company 1543,Retail,1-10,Europe,Referral,Free,Active,0.0,24,254,1836,1,4.0,0.0,0.0,2,Healthy Accounts
C01544,Company 1544,Education,51-200,North America,Paid Search,Pro,Active,79.0,10,127,872,1,1.0,3.0,395.0,1,Growth Potential
C01545,Company 1545,Education,11-50,Europe,Outbound,Pro,Active,79.0,1,7,53,1,1.0,1.0,237.0,1,Growth Potential
C01546,Company 1546,Finance,11-50,North America,Referral,Starter,Active,29.0,9,47,186,1,1.0,3.0,116.0,1,Growth Potential
C01547,Company 1547,Retail,11-50,North America,Outbound,Pro,Active,79.0,17,161,949,3,2.3333333333333335,1.0,2297.0,1,Growth Potential
C01548,Company 1548,Media,11-50,Europe,Organic,Starter,Active,29.0,40,335,2536,4,2.0,3.25,867.0,2,Healthy Accounts
C01549,Company 1549,SaaS,51-200,North America,Organic,Business,Active,199.0,12,114,531,0,0.0,0.0,796.0,1,Growth Potential
C01550,Company 1550,Retail,1-10,Europe,Referral,Starter,Active,29.0,34,319,1705,5,2.0,3.5,406.0,2,Healthy Accounts
C01551,Company 1551,Education,51-200,Asia-Pacific,Referral,Pro,Active,79.0,16,131,541,1,1.0,5.0,237.0,1,Growth Potential
C01552,Company 1552,Manufacturing,1000+,North America,Paid Search,Enterprise,Active,599.0,14,122,692,3,1.0,1.0,10183.0,0,Enterprise Value
C01553,Company 1553,Media,11-50,Europe,Outbound,Pro,Active,79.0,31,306,1827,5,3.2,2.4,1422.0,2,Healthy Accounts
C01554,Company 1554,SaaS,1-10,North America,Organic,Free,Active,0.0,48,433,2181,3,1.0,3.0,0.0,2,Healthy Accounts
C01555,Company 1555,Education,11-50,North America,Referral,Pro,Active,79.0,1,5,16,2,8.0,2.5,869.0,1,Growth Potential
C01556,Company 1556,Healthcare,1-10,North America,Referral,Free,Active,0.0,9,86,396,2,6.0,3.5,0.0,1,Growth Potential
C01557,Company 1557,Education,11-50,Europe,Organic,Pro,Active,79.0,35,442,2438,1,4.0,0.0,1033.0,2,Healthy Accounts
C01558,Company 1558,Healthcare,1-10,North America,Outbound,Starter,Active,29.0,30,252,1317,11,3.090909090909091,2.75,1107.0,2,Healthy Accounts
C01559,Company 1559,Finance,11-50,Europe,Organic,Pro,Active,79.0,28,270,1731,1,3.0,0.0,474.0,2,Healthy Accounts
C01560,Company 1560,SaaS,1-10,Europe,Referral,Starter,Active,29.0,28,258,502,2,1.0,1.0,319.0,1,Growth Potential
C01561,Company 1561,SaaS,11-50,Asia-Pacific,Organic,Starter,Active,29.0,19,215,1167,0,0.0,0.0,29.0,1,Growth Potential
C01562,Company 1562,Finance,1-10,North America,Referral,Starter,Active,29.0,2,17,95,1,2.0,3.0,232.0,1,Growth Potential
C01563,Company 1563,SaaS,11-50,Asia-Pacific,Referral,Pro,Active,79.0,48,420,1089,2,1.0,1.0,3658.0,2,Healthy Accounts
C01564,Company 1564,Education,201-1000,North America,Paid Search,Enterprise,Active,599.0,34,238,1213,1,1.0,3.0,5990.0,0,Enterprise Value
C01565,Company 1565,Manufacturing,11-50,Asia-Pacific,Partner,Starter,Active,29.0,45,327,982,7,2.0,3.8333333333333335,406.0,2,Healthy Accounts
C01566,Company 1566,Healthcare,1-10,Asia-Pacific,Outbound,Pro,Active,79.0,49,555,3619,4,4.25,2.3333333333333335,2449.0,2,Healthy Accounts
C01567,Company 1567,Manufacturing,11-50,North America,Organic,Pro,Active,79.0,40,228,1414,7,3.0,3.5,1896.0,2,Healthy Accounts
C01568,Company 1568,Media,51-200,Latin America,Partner,Business,Active,199.0,23,241,1200,4,4.75,2.0,3980.0,2,Healthy Accounts
C01569,Company 1569,Manufacturing,1-10,North America,Organic,Starter,Active,29.0,23,308,709,3,2.3333333333333335,3.6666666666666665,232.0,1,Growth Potential
C01570,Company 1570,Education,51-200,Europe,Organic,Business,Active,199.0,28,341,1570,2,1.5,1.5,398.0,2,Healthy Accounts
C01571,Company 1571,Manufacturing,51-200,North America,Organic,Business,Active,199.0,21,207,1021,2,3.5,4.5,3582.0,1,Growth Potential
C01572,Company 1572,Consulting,11-50,Latin America,Referral,Starter,Active,29.0,33,386,1440,5,3.6,2.75,1267.0,2,Healthy Accounts
C01573,Company 1573,Healthcare,51-200,North America,Outbound,Pro,Active,79.0,16,181,695,5,2.2,3.0,2054.0,1,Growth Potential
C01574,Company 1574,Media,11-50,Europe,Partner,Starter,Active,29.0,13,70,363,2,1.5,1.5,464.0,1,Growth Potential
C01575,Company 1575,Manufacturing,11-50,Latin America,Referral,Starter,Active,29.0,15,162,927,2,1.0,1.0,116.0,1,Growth Potential
C01576,Company 1576,Consulting,1-10,North America,Organic,Starter,Active,29.0,11,71,403,4,3.5,4.0,951.0,1,Growth Potential
C01577,Company 1577,SaaS,11-50,North America,Referral,Business,Active,199.0,24,222,884,4,3.0,3.0,5174.0,1,Growth Potential
C01578,Company 1578,Education,1-10,Europe,Referral,Free,Active,0.0,13,115,773,3,2.0,3.0,0.0,1,Growth Potential
C01579,Company 1579,Education,1-10,North America,Paid Search,Starter,Active,29.0,17,221,289,1,2.0,5.0,406.0,1,Growth Potential
C01580,Company 1580,Consulting,51-200,Asia-Pacific,Organic,Business,Active,199.0,15,125,325,1,3.0,3.0,2587.0,1,Growth Potential
C01581,Company 1581,SaaS,1-10,Europe,Organic,Starter,Active,29.0,17,142,601,0,0.0,0.0,261.0,1,Growth Potential
C01582,Company 1582,SaaS,51-200,North America,Organic,Pro,Active,79.0,20,202,1162,1,4.0,4.0,424.0,1,Growth Potential
C01583,Company 1583,SaaS,11-50,Asia-Pacific,Organic,Pro,Active,79.0,20,224,771,7,2.2857142857142856,2.8333333333333335,1380.0,1,Growth Potential
C01584,Company 1584,Education,51-200,Europe,Referral,Pro,Active,79.0,37,252,2291,4,2.25,2.3333333333333335,790.0,2,Healthy Accounts
C01585,Company 1585,SaaS,11-50,North America,Organic,Starter,Active,29.0,34,390,1442,0,0.0,0.0,87.0,2,Healthy Accounts
C01586,Company 1586,Healthcare,1-10,Latin America,Organic,Free,Active,0.0,1,8,41,6,1.3333333333333333,2.5,0.0,1,Growth Potential
C01587,Company 1587,Education,1-10,North America,Referral,Free,Active,0.0,3,30,286,2,1.5,0.0,0.0,1,Growth Potential
C01588,Company 1588,Healthcare,11-50,Asia-Pacific,Paid Search,Business,Active,199.0,5,61,273,3,1.0,1.0,2786.0,1,Growth Potential
C01589,Company 1589,Retail,11-50,North America,Referral,Pro,Active,79.0,46,421,1116,2,3.5,5.0,474.0,2,Healthy Accounts
C01590,Company 1590,Consulting,1000+,North America,Organic,Enterprise,Active,599.0,15,173,921,5,1.8,3.0,5789.0,0,Enterprise Value
C01591,Company 1591,Consulting,11-50,Europe,Organic,Business,Active,199.0,27,120,919,3,4.333333333333333,2.3333333333333335,1795.0,1,Growth Potential
C01592,Company 1592,Consulting,51-200,North America,Outbound,Pro,Active,79.0,18,146,733,1,10.0,0.0,395.0,1,Growth Potential
C01593,Company 1593,Retail,11-50,Europe,Organic,Pro,Active,79.0,1,12,30,3,1.6666666666666667,3.0,2306.0,1,Growth Potential
C01594,Company 1594,Media,11-50,Europe,Organic,Starter,Active,29.0,13,90,250,1,5.0,1.0,174.0,1,Growth Potential
C01595,Company 1595,Consulting,1-10,North America,Paid Search,Pro,Active,79.0,21,175,912,2,3.0,2.0,553.0,1,Growth Potential
C01596,Company 1596,Education,51-200,North America,Organic,Enterprise,Active,599.0,27,307,1814,0,0.0,0.0,1797.0,0,Enterprise Value
C01597,Company 1597,Media,51-200,Latin America,Paid Search,Business,Active,199.0,24,167,1164,0,0.0,0.0,1870.0,1,Growth Potential
C01598,Company 1598,Consulting,1000+,North America,Paid Search,Enterprise,Active,599.0,32,230,1101,3,3.6666666666666665,2.5,17970.0,0,Enterprise Value
C01599,Company 1599,Finance,11-50,North America,Organic,Starter,Active,29.0,28,291,2090,6,1.1666666666666667,3.0,1104.0,2,Healthy Accounts
C01600,Company 1600,Retail,1-10,Asia-Pacific,Paid Search,Pro,Active,79.0,20,153,663,1,1.0,2.0,1627.0,1,Growth Potential
C01601,Company 1601,Manufacturing,11-50,Europe,Paid Search,Pro,Active,79.0,1,7,31,2,1.0,5.0,869.0,1,Growth Potential
C01602,Company 1602,Education,201-1000,Europe,Referral,Business,Active,199.0,31,115,772,2,2.5,5.0,1990.0,1,Growth Potential
C01603,Company 1603,Healthcare,51-200,North America,Referral,Pro,Active,79.0,43,288,1009,1,1.0,4.0,474.0,2,Healthy Accounts
C01604,Company 1604,Education,201-1000,Europe,Organic,Business,Active,199.0,34,375,1385,2,1.0,2.0,995.0,2,Healthy Accounts
C01605,Company 1605,Media,1-10,North America,Outbound,Pro,Active,79.0,17,195,1062,3,4.333333333333333,4.0,985.0,1,Growth Potential
C01606,Company 1606,Media,11-50,North America,Organic,Pro,Active,79.0,30,238,1029,1,1.0,1.0,316.0,2,Healthy Accounts
C01607,Company 1607,Media,1-10,Europe,Organic,Starter,Active,29.0,1,12,63,2,1.0,5.0,232.0,1,Growth Potential
C01608,Company 1608,Finance,51-200,North America,Partner,Enterprise,Active,599.0,21,267,1122,2,2.5,2.5,5990.0,0,Enterprise Value
C01609,Company 1609,Education,51-200,Latin America,Organic,Enterprise,Active,599.0,8,72,369,3,1.6666666666666667,4.0,5990.0,0,Enterprise Value
C01610,Company 1610,Healthcare,51-200,Asia-Pacific,Organic,Business,Active,199.0,12,106,630,1,3.0,2.0,2985.0,1,Growth Potential
C01611,Company 1611,Media,1-10,Europe,Outbound,Free,Active,0.0,20,195,735,3,2.0,2.3333333333333335,0.0,1,Growth Potential
C01612,Company 1612,Manufacturing,51-200,North America,Organic,Enterprise,Active,599.0,20,160,770,4,2.25,4.0,13178.0,0,Enterprise Value
C01613,Company 1613,Finance,1-10,Europe,Organic,Free,Active,0.0,34,146,600,2,2.5,1.0,0.0,1,Growth Potential
C01614,Company 1614,Healthcare,1-10,Asia-Pacific,Organic,Starter,Active,29.0,6,60,299,2,1.0,0.0,522.0,1,Growth Potential
C01615,Company 1615,Media,1-10,Europe,Partner,Starter,Active,29.0,37,302,2352,1,1.0,5.0,696.0,2,Healthy Accounts
C01616,Company 1616,Retail,201-1000,North America,Organic,Business,Active,199.0,10,137,434,0,0.0,0.0,796.0,1,Growth Potential
C01617,Company 1617,Education,1-10,Europe,Organic,Free,Active,0.0,22,145,542,6,1.5,3.4,0.0,1,Growth Potential
C01618,Company 1618,SaaS,1-10,Europe,Organic,Pro,Active,79.0,36,312,1894,1,1.0,1.0,1185.0,2,Healthy Accounts
C01619,Company 1619,SaaS,1-10,North America,Paid Search,Free,Active,0.0,42,423,1536,0,0.0,0.0,0.0,2,Healthy Accounts
C01620,Company 1620,Consulting,1000+,Europe,Referral,Business,Active,199.0,13,141,761,5,1.4,3.3333333333333335,1908.0,1,Growth Potential
C01621,Company 1621,Manufacturing,11-50,Latin America,Organic,Business,Active,199.0,16,98,278,0,0.0,0.0,1592.0,1,Growth Potential
C01622,Company 1622,Media,201-1000,Europe,Referral,Business,Active,199.0,32,260,1228,2,1.0,2.5,2189.0,2,Healthy Accounts
C01623,Company 1623,SaaS,201-1000,Europe,Outbound,Enterprise,Active,599.0,28,201,849,0,0.0,0.0,5391.0,0,Enterprise Value
C01624,Company 1624,Healthcare,51-200,North America,Outbound,Enterprise,Active,599.0,49,407,2275,6,2.3333333333333335,2.0,10774.0,0,Enterprise Value
C01625,Company 1625,Education,201-1000,North America,Organic,Business,Active,199.0,22,187,523,1,1.0,2.0,995.0,1,Growth Potential
C01626,Company 1626,SaaS,11-50,Latin America,Referral,Pro,Active,79.0,22,169,418,4,2.75,2.6666666666666665,1545.0,1,Growth Potential
C01627,Company 1627,SaaS,1-10,Latin America,Paid Search,Starter,Active,29.0,21,182,351,4,2.0,4.0,145.0,1,Growth Potential
C01628,Company 1628,Consulting,51-200,North America,Organic,Pro,Active,79.0,19,148,903,2,2.5,3.0,1422.0,1,Growth Potential
C01629,Company 1629,Consulting,11-50,Latin America,Partner,Business,Active,199.0,20,276,1915,3,1.6666666666666667,2.3333333333333335,2786.0,2,Healthy Accounts
C01630,Company 1630,Education,51-200,Europe,Organic,Business,Active,199.0,18,130,1132,1,1.0,1.0,199.0,1,Growth Potential
C01631,Company 1631,SaaS,201-1000,North America,Outbound,Business,Active,199.0,43,336,849,2,1.5,3.0,5929.0,2,Healthy Accounts
C01632,Company 1632,Consulting,1-10,North America,Referral,Free,Active,0.0,1,6,35,0,0.0,0.0,0.0,1,Growth Potential
C01633,Company 1633,Education,201-1000,North America,Paid Search,Enterprise,Active,599.0,28,201,753,6,2.5,3.6,14376.0,0,Enterprise Value
C01634,Company 1634,Finance,51-200,North America,Referral,Business,Active,199.0,22,186,1165,8,2.125,2.857142857142857,6567.0,0,Enterprise Value
C01635,Company 1635,Media,1-10,Asia-Pacific,Partner,Free,Active,0.0,22,156,656,0,0.0,0.0,0.0,1,Growth Potential
C01636,Company 1636,Finance,51-200,Europe,Referral,Business,Active,199.0,9,97,487,0,0.0,0.0,199.0,1,Growth Potential
C01637,Company 1637,Manufacturing,51-200,Asia-Pacific,Paid Search,Business,Active,199.0,32,309,1215,7,1.7142857142857142,2.6,5771.0,2,Healthy Accounts
C01638,Company 1638,Media,51-200,Europe,Paid Search,Pro,Active,79.0,38,290,1020,0,0.0,0.0,553.0,2,Healthy Accounts
C01639,Company 1639,Finance,51-200,North America,Organic,Business,Active,199.0,37,440,1965,5,3.4,2.0,4812.0,2,Healthy Accounts
C01640,Company 1640,Education,1-10,Asia-Pacific,Referral,Starter,Active,29.0,3,20,113,1,2.0,2.0,203.0,1,Growth Potential
C01641,Company 1641,Manufacturing,11-50,Latin America,Organic,Starter,Active,29.0,18,108,520,0,0.0,0.0,174.0,1,Growth Potential
C01642,Company 1642,Education,1-10,Asia-Pacific,Referral,Free,Active,0.0,41,359,1812,2,2.5,3.5,0.0,2,Healthy Accounts
C01643,Company 1643,Healthcare,1-10,Europe,Paid Search,Starter,Active,29.0,17,208,866,2,4.0,3.0,319.0,1,Growth Potential
C01644,Company 1644,Consulting,1-10,North America,Organic,Free,Active,0.0,20,186,1006,5,1.2,3.25,0.0,1,Growth Potential
C01645,Company 1645,Consulting,51-200,North America,Paid Search,Business,Active,199.0,30,356,1497,2,1.0,1.5,1903.0,2,Healthy Accounts
C01646,Company 1646,SaaS,1-10,Europe,Referral,Free,Active,0.0,42,375,1754,4,2.25,1.6666666666666667,0.0,2,Healthy Accounts
C01647,Company 1647,Retail,11-50,Latin America,Referral,Business,Active,199.0,1,7,29,3,1.6666666666666667,2.0,796.0,1,Growth Potential
C01648,Company 1648,Retail,51-200,Europe,Organic,Pro,Active,79.0,40,312,1165,6,3.3333333333333335,3.5,790.0,2,Healthy Accounts
C01649,Company 1649,Healthcare,1-10,Asia-Pacific,Outbound,Starter,Active,29.0,30,373,2864,0,0.0,0.0,203.0,2,Healthy Accounts
C01650,Company 1650,Education,201-1000,Europe,Partner,Enterprise,Active,599.0,23,230,1604,6,2.1666666666666665,3.0,18569.0,0,Enterprise Value
C01651,Company 1651,Consulting,201-1000,Asia-Pacific,Outbound,Enterprise,Active,599.0,29,305,1799,4,2.5,1.0,8386.0,0,Enterprise Value
C01652,Company 1652,Healthcare,1000+,Latin America,Referral,Business,Active,199.0,28,270,1604,2,3.0,5.0,1791.0,2,Healthy Accounts
C01653,Company 1653,Manufacturing,11-50,Asia-Pacific,Referral,Pro,Active,79.0,30,294,769,3,4.0,2.0,790.0,2,Healthy Accounts
C01654,Company 1654,Retail,1-10,Europe,Referral,Starter,Active,29.0,43,446,1417,9,2.555555555555556,2.2222222222222223,1588.0,2,Healthy Accounts
C01655,Company 1655,Finance,51-200,North America,Paid Search,Business,Active,199.0,44,418,1616,1,1.0,0.0,597.0,2,Healthy Accounts
C01656,Company 1656,Consulting,201-1000,Europe,Referral,Enterprise,Active,599.0,24,267,1244,3,4.666666666666667,2.0,10183.0,0,Enterprise Value
C01657,Company 1657,Healthcare,11-50,North America,Paid Search,Starter,Active,29.0,46,432,1559,2,1.0,5.0,261.0,2,Healthy Accounts
C01658,Company 1658,Finance,51-200,Europe,Organic,Pro,Active,79.0,1,6,42,4,1.75,2.5,1343.0,1,Growth Potential
C01659,Company 1659,Healthcare,11-50,Latin America,Partner,Pro,Active,79.0,13,108,287,1,1.0,3.0,711.0,1,Growth Potential
C01660,Company 1660,SaaS,11-50,North America,Paid Search,Starter,Active,29.0,22,113,518,1,1.0,0.0,58.0,1,Growth Potential
C01661,Company 1661,Healthcare,51-200,Europe,Referral,Enterprise,Active,599.0,22,141,499,1,12.0,4.0,5391.0,0,Enterprise Value
C01662,Company 1662,Media,1-10,Europe,Organic,Free,Active,0.0,35,464,1299,2,1.0,2.0,0.0,2,Healthy Accounts
C01663,Company 1663,Finance,51-200,Asia-Pacific,Paid Search,Pro,Active,79.0,31,240,2031,1,5.0,5.0,790.0,2,Healthy Accounts
C01664,Company 1664,Manufacturing,1-10,North America,Referral,Free,Active,0.0,41,361,2267,5,1.4,4.2,0.0,2,Healthy Accounts
C01665,Company 1665,Education,1-10,North America,Paid Search,Pro,Active,79.0,12,94,703,1,1.0,0.0,237.0,1,Growth Potential
C01666,Company 1666,Healthcare,1-10,North America,Referral,Pro,Active,79.0,20,194,1368,0,0.0,0.0,158.0,1,Growth Potential
C01667,Company 1667,Manufacturing,1-10,North America,Organic,Free,Active,0.0,32,346,1774,1,1.0,1.0,0.0,2,Healthy Accounts
C01668,Company 1668,Media,11-50,Europe,Referral,Pro,Active,79.0,9,76,367,0,0.0,0.0,79.0,1,Growth Potential
C01669,Company 1669,Finance,11-50,Asia-Pacific,Paid Search,Pro,Active,79.0,1,5,22,2,2.0,3.5,1431.0,1,Growth Potential
C01670,Company 1670,Healthcare,1000+,Asia-Pacific,Outbound,Enterprise,Active,599.0,3,33,198,7,2.5714285714285716,4.2,13777.0,0,Enterprise Value
C01671,Company 1671,Manufacturing,1-10,North America,Paid Search,Free,Active,0.0,18,160,667,4,1.5,3.3333333333333335,0.0,1,Growth Potential
C01672,Company 1672,Finance,11-50,Europe,Referral,Starter,Active,29.0,20,166,800,1,10.0,5.0,232.0,1,Growth Potential
C01673,Company 1673,Retail,1-10,North America,Organic,Free,Active,0.0,13,144,891,3,1.3333333333333333,3.6666666666666665,0.0,1,Growth Potential
C01674,Company 1674,SaaS,11-50,North America,Partner,Pro,Active,79.0,15,131,503,2,1.0,3.0,2099.0,1,Growth Potential
C01675,Company 1675,Retail,201-1000,Europe,Paid Search,Business,Active,199.0,10,111,680,0,0.0,0.0,1393.0,1,Growth Potential
C01676,Company 1676,Manufacturing,1-10,Europe,Paid Search,Starter,Active,29.0,30,371,2044,1,8.0,3.0,116.0,2,Healthy Accounts
C01677,Company 1677,Finance,11-50,Europe,Paid Search,Pro,Active,79.0,26,210,820,6,1.6666666666666667,2.2,1925.0,1,Growth Potential
C01678,Company 1678,Retail,1-10,Asia-Pacific,Organic,Pro,Active,79.0,31,231,1118,1,1.0,5.0,316.0,2,Healthy Accounts
C01679,Company 1679,Education,201-1000,Europe,Referral,Business,Active,199.0,13,140,670,1,2.0,1.0,2587.0,1,Growth Potential
C01680,Company 1680,Finance,1-10,Europe,Referral,Free,Active,0.0,21,205,502,4,2.25,4.0,0.0,1,Growth Potential
C01681,Company 1681,Media,11-50,Europe,Partner,Pro,Active,79.0,50,455,1148,2,5.0,1.0,869.0,2,Healthy Accounts
C01682,Company 1682,Healthcare,51-200,Europe,Partner,Pro,Active,79.0,41,479,2492,5,1.2,3.0,5370.0,2,Healthy Accounts
C01683,Company 1683,Education,51-200,Europe,Organic,Enterprise,Active,599.0,16,101,219,1,5.0,4.0,1198.0,0,Enterprise Value
C01684,Company 1684,Healthcare,11-50,North America,Paid Search,Starter,Active,29.0,12,96,418,0,0.0,0.0,174.0,1,Growth Potential
C01685,Company 1685,Education,11-50,North America,Partner,Business,Active,199.0,27,330,842,1,1.0,1.0,2388.0,2,Healthy Accounts
C01686,Company 1686,Media,11-50,North America,Referral,Pro,Active,79.0,22,182,763,1,6.0,5.0,237.0,1,Growth Potential
C01687,Company 1687,Retail,11-50,North America,Organic,Pro,Active,79.0,17,159,1105,5,1.2,2.6,1659.0,1,Growth Potential
C01688,Company 1688,Education,1-10,North America,Organic,Starter,Active,29.0,23,226,871,6,3.8333333333333335,3.2,725.0,1,Growth Potential
C01689,Company 1689,Retail,51-200,Europe,Organic,Business,Active,199.0,9,86,288,1,1.0,5.0,796.0,1,Growth Potential
C01690,Company 1690,Retail,1-10,Europe,Organic,Starter,Active,29.0,6,71,327,1,1.0,5.0,58.0,1,Growth Potential
C01691,Company 1691,Media,201-1000,North America,Organic,Business,Active,199.0,1,7,23,0,0.0,0.0,199.0,1,Growth Potential
C01692,Company 1692,Media,11-50,Europe,Outbound,Pro,Active,79.0,9,89,431,3,2.0,3.3333333333333335,1746.0,1,Growth Potential
C01693,Company 1693,Healthcare,1-10,Europe,Referral,Free,Active,0.0,18,174,1184,1,1.0,2.0,0.0,1,Growth Potential
C01694,Company 1694,SaaS,11-50,Asia-Pacific,Referral,Pro,Active,79.0,1,8,26,1,1.0,4.0,948.0,1,Growth Potential
C01695,Company 1695,Media,51-200,Europe,Organic,Pro,Active,79.0,24,205,507,3,3.0,3.0,1896.0,1,Growth Potential
C01696,Company 1696,Consulting,11-50,Europe,Paid Search,Starter,Active,29.0,30,190,967,2,1.5,2.0,482.0,1,Growth Potential
C01697,Company 1697,Education,201-1000,North America,Paid Search,Enterprise,Active,599.0,8,50,292,5,4.6,2.5,16173.0,0,Enterprise Value
C01698,Company 1698,Manufacturing,201-1000,Asia-Pacific,Paid Search,Business,Active,199.0,33,182,1044,2,4.0,2.5,2388.0,2,Healthy Accounts
C01699,Company 1699,Finance,1-10,North America,Organic,Free,Active,0.0,9,87,326,6,1.8333333333333333,3.4,0.0,1,Growth Potential
C01700,Company 1700,Consulting,1-10,Asia-Pacific,Organic,Starter,Active,29.0,5,11,53,1,3.0,5.0,232.0,1,Growth Potential
C01701,Company 1701,Healthcare,1000+,Europe,Paid Search,Enterprise,Active,599.0,29,311,2090,0,0.0,0.0,1198.0,0,Enterprise Value
C01702,Company 1702,Finance,51-200,North America,Referral,Pro,Active,79.0,27,158,897,3,2.0,3.0,869.0,1,Growth Potential
C01703,Company 1703,Media,201-1000,Europe,Referral,Enterprise,Active,599.0,1,7,40,0,0.0,0.0,4792.0,0,Enterprise Value
C01704,Company 1704,SaaS,1-10,Europe,Referral,Free,Active,0.0,11,92,349,2,1.0,1.5,0.0,1,Growth Potential
C01705,Company 1705,Education,51-200,North America,Outbound,Business,Active,199.0,22,245,1299,2,3.0,4.0,1194.0,2,Healthy Accounts
C01706,Company 1706,SaaS,51-200,Europe,Paid Search,Business,Active,199.0,12,101,697,0,0.0,0.0,995.0,1,Growth Potential
C01707,Company 1707,Manufacturing,1-10,Asia-Pacific,Partner,Starter,Active,29.0,1,6,25,3,3.3333333333333335,1.3333333333333333,551.0,1,Growth Potential
C01708,Company 1708,Finance,51-200,North America,Outbound,Business,Active,199.0,13,153,883,1,1.0,2.0,796.0,1,Growth Potential
C01709,Company 1709,Media,1-10,North America,Organic,Free,Active,0.0,44,264,1308,0,0.0,0.0,0.0,2,Healthy Accounts
C01710,Company 1710,SaaS,201-1000,Latin America,Partner,Business,Active,199.0,24,290,778,0,0.0,0.0,796.0,1,Growth Potential
C01711,Company 1711,Consulting,1-10,North America,Organic,Pro,Active,79.0,14,150,885,0,0.0,0.0,357.0,1,Growth Potential
C01712,Company 1712,Healthcare,1-10,North America,Organic,Starter,Active,29.0,2,15,73,3,2.0,2.5,2705.0,1,Growth Potential
C01713,Company 1713,Finance,1-10,Europe,Paid Search,Starter,Active,29.0,22,163,554,4,2.5,3.5,435.0,1,Growth Potential
C01714,Company 1714,SaaS,11-50,North America,Partner,Pro,Active,79.0,8,88,408,1,4.0,5.0,1027.0,1,Growth Potential
C01715,Company 1715,Retail,1-10,North America,Paid Search,Starter,Active,29.0,35,190,925,4,5.75,2.75,377.0,2,Healthy Accounts
C01716,Company 1716,Consulting,11-50,Europe,Organic,Pro,Active,79.0,22,189,692,1,1.0,3.0,237.0,1,Growth Potential
C01717,Company 1717,Media,1-10,North America,Paid Search,Free,Active,0.0,13,100,374,3,2.0,2.0,0.0,1,Growth Potential
C01718,Company 1718,Healthcare,1-10,North America,Organic,Free,Active,0.0,35,308,667,3,3.3333333333333335,3.6666666666666665,0.0,2,Healthy Accounts
C01719,Company 1719,Education,201-1000,Latin America,Organic,Enterprise,Active,599.0,29,236,1732,4,2.5,2.5,10782.0,0,Enterprise Value
C01720,Company 1720,Consulting,1-10,Asia-Pacific,Paid Search,Starter,Active,29.0,37,442,2860,1,4.0,4.0,464.0,2,Healthy Accounts
C01721,Company 1721,Media,11-50,Europe,Referral,Pro,Active,79.0,22,265,1887,1,1.0,5.0,790.0,2,Healthy Accounts
C01722,Company 1722,SaaS,1-10,North America,Partner,Pro,Active,79.0,4,49,261,0,0.0,0.0,395.0,1,Growth Potential
C01723,Company 1723,Education,11-50,North America,Referral,Pro,Active,79.0,75,825,2653,0,0.0,0.0,1027.0,2,Healthy Accounts
C01724,Company 1724,SaaS,11-50,Europe,Referral,Starter,Active,29.0,20,173,833,1,1.0,1.0,827.0,1,Growth Potential
C01725,Company 1725,Media,1-10,North America,Organic,Free,Active,0.0,50,510,2724,2,1.0,2.0,0.0,2,Healthy Accounts
C01726,Company 1726,Retail,51-200,Asia-Pacific,Organic,Pro,Active,79.0,10,65,344,1,2.0,0.0,1422.0,1,Growth Potential
C01727,Company 1727,Media,1000+,North America,Organic,Business,Active,199.0,20,154,580,6,1.5,3.0,5970.0,1,Growth Potential
C01728,Company 1728,Healthcare,51-200,North America,Paid Search,Business,Active,199.0,11,64,366,7,2.7142857142857144,3.4285714285714284,4776.0,1,Growth Potential
C01729,Company 1729,SaaS,1-10,North America,Organic,Pro,Active,79.0,9,85,489,7,4.857142857142857,3.1666666666666665,1817.0,1,Growth Potential
C01730,Company 1730,Education,201-1000,North America,Paid Search,Enterprise,Active,599.0,40,374,1950,1,1.0,3.0,2396.0,0,Enterprise Value
C01731,Company 1731,Education,11-50,North America,Paid Search,Starter,Active,29.0,41,400,2102,0,0.0,0.0,232.0,2,Healthy Accounts
C01732,Company 1732,SaaS,11-50,North America,Paid Search,Pro,Active,79.0,33,272,1207,4,1.75,2.0,1143.0,2,Healthy Accounts
C01733,Company 1733,Media,11-50,North America,Partner,Pro,Active,79.0,39,375,1615,0,0.0,0.0,553.0,2,Healthy Accounts
C01734,Company 1734,Manufacturing,1-10,North America,Organic,Free,Active,0.0,19,198,929,2,2.5,1.5,0.0,1,Growth Potential
C01735,Company 1735,Media,1-10,North America,Referral,Free,Active,0.0,23,236,1402,0,0.0,0.0,0.0,2,Healthy Accounts
C01736,Company 1736,Finance,11-50,Europe,Organic,Starter,Active,29.0,7,90,554,5,2.6,2.8,609.0,1,Growth Potential
C01737,Company 1737,Manufacturing,11-50,Asia-Pacific,Referral,Starter,Active,29.0,17,177,570,0,0.0,0.0,29.0,1,Growth Potential
C01738,Company 1738,Retail,11-50,North America,Organic,Pro,Active,79.0,27,275,1890,3,1.0,4.666666666666667,869.0,2,Healthy Accounts
C01739,Company 1739,Finance,1-10,North America,Organic,Free,Active,0.0,22,183,935,2,5.0,2.5,0.0,1,Growth Potential
C01740,Company 1740,Finance,1-10,North America,Paid Search,Free,Active,0.0,25,288,1010,2,4.5,3.0,0.0,2,Healthy Accounts
C01741,Company 1741,Education,1-10,Europe,Paid Search,Starter,Active,29.0,19,184,662,10,2.8,3.25,725.0,1,Growth Potential
C01742,Company 1742,Retail,1-10,Asia-Pacific,Organic,Starter,Active,29.0,44,561,2236,3,3.3333333333333335,3.0,377.0,2,Healthy Accounts
C01743,Company 1743,Finance,201-1000,Asia-Pacific,Paid Search,Business,Active,199.0,46,350,2175,4,1.25,2.3333333333333335,4691.0,2,Healthy Accounts
C01744,Company 1744,SaaS,11-50,North America,Paid Search,Starter,Active,29.0,14,151,834,2,8.5,3.5,485.0,1,Growth Potential
C01745,Company 1745,SaaS,51-200,Latin America,Organic,Business,Active,199.0,8,59,473,5,1.8,3.5,5452.0,1,Growth Potential
C01746,Company 1746,Media,51-200,Europe,Referral,Business,Active,199.0,33,359,1212,0,0.0,0.0,199.0,2,Healthy Accounts
C01747,Company 1747,Healthcare,201-1000,Europe,Partner,Enterprise,Active,599.0,1,7,28,0,0.0,0.0,1198.0,1,Growth Potential
C01748,Company 1748,Media,11-50,Europe,Outbound,Starter,Active,29.0,25,178,1491,3,4.666666666666667,2.3333333333333335,551.0,2,Healthy Accounts
C01749,Company 1749,Education,1-10,Europe,Organic,Starter,Active,29.0,14,86,297,0,0.0,0.0,203.0,1,Growth Potential
C01750,Company 1750,Consulting,201-1000,Europe,Outbound,Business,Active,199.0,31,306,2486,0,0.0,0.0,199.0,2,Healthy Accounts
C01751,Company 1751,Retail,1-10,Europe,Outbound,Free,Active,0.0,37,350,1604,1,1.0,2.0,0.0,2,Healthy Accounts
C01752,Company 1752,Education,1-10,North America,Organic,Starter,Active,29.0,56,404,1880,2,1.0,1.0,522.0,2,Healthy Accounts
C01753,Company 1753,Healthcare,201-1000,North America,Organic,Enterprise,Active,599.0,37,423,1874,1,1.0,1.0,10183.0,0,Enterprise Value
C01754,Company 1754,Education,51-200,Europe,Organic,Business,Active,199.0,57,599,1130,4,3.0,3.75,6766.0,2,Healthy Accounts
C01755,Company 1755,Manufacturing,51-200,North America,Referral,Business,Active,199.0,45,266,993,5,1.8,2.75,3582.0,2,Healthy Accounts
C01756,Company 1756,Retail,51-200,North America,Paid Search,Business,Active,199.0,33,361,1571,3,2.3333333333333335,3.6666666666666665,5288.0,2,Healthy Accounts
C01757,Company 1757,Manufacturing,51-200,North America,Organic,Business,Active,199.0,34,330,2383,3,3.0,2.3333333333333335,3383.0,2,Healthy Accounts
C01758,Company 1758,Finance,1-10,Asia-Pacific,Partner,Starter,Active,29.0,20,214,1370,1,1.0,5.0,137.0,1,Growth Potential
C01759,Company 1759,Education,201-1000,Asia-Pacific,Organic,Enterprise,Active,599.0,50,242,364,2,2.0,2.0,11980.0,0,Enterprise Value
C01760,Company 1760,Media,11-50,North America,Organic,Business,Active,199.0,18,192,795,2,1.5,1.5,2862.0,1,Growth Potential
C01761,Company 1761,Healthcare,51-200,Asia-Pacific,Paid Search,Pro,Active,79.0,15,107,557,3,2.6666666666666665,3.0,790.0,1,Growth Potential
C01762,Company 1762,Healthcare,11-50,North America,Paid Search,Starter,Active,29.0,1,8,30,0,0.0,0.0,87.0,1,Growth Potential
C01763,Company 1763,Retail,201-1000,North America,Organic,Business,Active,199.0,19,144,662,5,1.2,2.6,4975.0,1,Growth Potential
C01764,Company 1764,Education,201-1000,North America,Outbound,Enterprise,Active,599.0,5,54,226,2,7.0,4.0,4792.0,0,Enterprise Value
C01765,Company 1765,Media,11-50,North America,Paid Search,Starter,Active,29.0,7,63,567,0,0.0,0.0,29.0,1,Growth Potential
C01766,Company 1766,SaaS,1-10,Europe,Referral,Free,Active,0.0,13,138,846,0,0.0,0.0,0.0,1,Growth Potential
C01767,Company 1767,SaaS,11-50,Asia-Pacific,Organic,Starter,Active,29.0,27,296,1036,6,1.5,2.8333333333333335,957.0,2,Healthy Accounts
C01768,Company 1768,Retail,1-10,North America,Outbound,Starter,Active,29.0,15,83,220,1,6.0,0.0,87.0,1,Growth Potential
C01769,Company 1769,Finance,51-200,Europe,Organic,Pro,Active,79.0,29,247,1570,1,1.0,4.0,316.0,2,Healthy Accounts
C01770,Company 1770,Healthcare,201-1000,Europe,Organic,Enterprise,Active,599.0,21,137,516,0,0.0,0.0,4193.0,0,Enterprise Value
C01771,Company 1771,Consulting,51-200,North America,Organic,Business,Active,199.0,1,10,52,2,2.0,4.0,1393.0,1,Growth Potential
C01772,Company 1772,Finance,11-50,North America,Organic,Starter,Active,29.0,14,204,534,4,2.75,2.25,261.0,1,Growth Potential
C01773,Company 1773,Media,1-10,North America,Organic,Starter,Active,29.0,51,307,2970,4,3.5,3.5,551.0,2,Healthy Accounts
C01774,Company 1774,Healthcare,1-10,North America,Paid Search,Starter,Active,29.0,36,224,1558,2,2.0,3.0,261.0,2,Healthy Accounts
C01775,Company 1775,Media,1-10,Europe,Outbound,Free,Active,0.0,18,131,1172,4,1.75,3.0,0.0,1,Growth Potential
C01776,Company 1776,Education,11-50,North America,Partner,Pro,Active,79.0,30,236,1767,0,0.0,0.0,1264.0,2,Healthy Accounts
C01777,Company 1777,Finance,11-50,North America,Referral,Starter,Active,29.0,13,101,490,1,1.0,1.0,1691.0,1,Growth Potential
C01778,Company 1778,Healthcare,201-1000,Europe,Referral,Enterprise,Active,599.0,23,202,887,3,3.0,3.0,5586.0,0,Enterprise Value
C01779,Company 1779,Healthcare,11-50,Asia-Pacific,Referral,Pro,Active,79.0,33,274,836,5,2.4,4.0,1264.0,2,Healthy Accounts
C01780,Company 1780,Finance,51-200,North America,Organic,Pro,Active,79.0,12,80,353,0,0.0,0.0,237.0,1,Growth Potential
C01781,Company 1781,Finance,51-200,Asia-Pacific,Partner,Business,Active,199.0,1,13,68,7,2.142857142857143,2.8,2894.0,1,Growth Potential
C01782,Company 1782,Healthcare,51-200,North America,Organic,Business,Active,199.0,21,152,1010,1,3.0,0.0,796.0,1,Growth Potential
C01783,Company 1783,Media,51-200,Latin America,Organic,Pro,Active,79.0,9,101,488,1,1.0,2.0,553.0,1,Growth Potential
C01784,Company 1784,Healthcare,1-10,North America,Organic,Free,Active,0.0,25,216,669,0,0.0,0.0,0.0,1,Growth Potential
C01785,Company 1785,Consulting,11-50,Europe,Paid Search,Starter,Active,29.0,28,333,1109,1,1.0,1.0,261.0,2,Healthy Accounts
C01786,Company 1786,Healthcare,11-50,Asia-Pacific,Referral,Starter,Active,29.0,37,279,1974,1,2.0,3.0,87.0,2,Healthy Accounts
C01787,Company 1787,Consulting,11-50,Europe,Paid Search,Starter,Active,29.0,1,7,45,2,1.0,5.0,174.0,1,Growth Potential
C01788,Company 1788,Media,11-50,Europe,Referral,Business,Active,199.0,21,232,1227,4,4.0,2.3333333333333335,4378.0,2,Healthy Accounts
C01789,Company 1789,SaaS,51-200,North America,Organic,Pro,Active,79.0,38,445,2671,7,2.0,3.142857142857143,1817.0,2,Healthy Accounts
C01790,Company 1790,Healthcare,11-50,Latin America,Paid Search,Starter,Active,29.0,40,446,3116,1,1.0,4.0,116.0,2,Healthy Accounts
C01791,Company 1791,Healthcare,201-1000,North America,Paid Search,Business,Active,199.0,15,136,347,6,3.5,3.5,4378.0,1,Growth Potential
C01792,Company 1792,Media,51-200,North America,Paid Search,Business,Active,199.0,36,369,1796,2,3.0,1.0,4179.0,2,Healthy Accounts
C01793,Company 1793,Healthcare,1-10,North America,Organic,Starter,Active,29.0,1,8,65,1,1.0,1.0,116.0,1,Growth Potential
C01794,Company 1794,SaaS,51-200,Europe,Paid Search,Business,Active,199.0,36,309,2020,2,7.0,1.0,3342.0,2,Healthy Accounts
C01795,Company 1795,Healthcare,11-50,North America,Referral,Pro,Active,79.0,23,160,950,2,1.0,1.0,869.0,1,Growth Potential
C01796,Company 1796,SaaS,1-10,Europe,Organic,Pro,Active,79.0,37,385,1845,2,1.0,3.0,632.0,2,Healthy Accounts
C01797,Company 1797,Healthcare,1-10,Asia-Pacific,Organic,Pro,Active,79.0,38,355,2412,4,2.5,1.3333333333333333,1106.0,2,Healthy Accounts
C01798,Company 1798,Consulting,11-50,Asia-Pacific,Referral,Starter,Active,29.0,43,444,1864,3,1.6666666666666667,4.5,145.0,2,Healthy Accounts
C01799,Company 1799,SaaS,1-10,Europe,Organic,Pro,Active,79.0,1,4,8,4,2.0,3.5,869.0,1,Growth Potential
C01800,Company 1800,Media,11-50,Europe,Organic,Starter,Active,29.0,22,125,662,0,0.0,0.0,174.0,1,Growth Potential
